0,0,0,0,0,0,0,0,0,0,0,0,0,0,0,0,0,0,0,0,0,0,0,0,0,0,0,0,0,0,
0,0,0,0,0,0,0,0,0,0,0,0,0,0,0,0,0,0,9,0,0,0,0,0,0,0,0,0,0,0,
0,0,0,0,0,0,0,0,0,0,0,0,0,10,0,0,0,0,0,0,0,0,0,0,0,0,0,0,0,0,
0,0,0,0,0,0,18,0,0,0,0,46,0,2,0,0,6,0,0,0,0,0,0,0,0,27,0,0,17,0,
0,0,0,0,0,0,0,0,0,0,0,0,0,20,0,0,0,27,0,0,0,12,0,0,0,27,0,0,0,0,
0,0,0,0,0,0,4,0,0,0,0,0,0,0,0,0,0,7,0,0,0,0,0,0,0,27,0,0,0,0,
0,0,0,0,0,0,0,0,0,22,0,0,0,24,0,0,14,6,0,0,0,0,0,0,0,27,0,0,0,0,
0,0,0,0,0,0,0,0,0,0,0,0,0,0,0,0,0,0,0,0,0,0,0,0,0,0,0,0,0,0,
0,0,0,0,0,0,0,0,0,0,0,0,0,1,0,0,0,0,0,0,0,0,0,0,0,0,0,0,0,0,
0,4,0,0,0,0,0,0,0,0,0,0,0,9,0,0,9,0,0,0,6,0,0,0,0,72,0,0,0,0,
0,0,0,0,0,0,0,0,0,10,0,0,0,2,0,0,41,0,0,0,0,0,0,0,0,27,0,0,0,0,
0,0,0,0,0,0,0,0,0,22,0,10,0,20,0,0,5,0,21,0,0,0,0,0,0,27,0,0,0,0,
0,0,0,0,0,0,40,0,0,44,20,29,0,27,0,0,2,22,5,0,0,0,0,0,0,50,36,38,0,0,
0,0,0,0,0,0,0,0,0,0,0,70,0,0,0,0,66,0,0,0,0,0,0,0,0,26,0,0,0,0,
0,0,0,0,0,0,0,0,0,0,0,0,0,0,0,0,0,0,0,0,0,0,0,0,0,0,0,0,0,0,
0,0,0,0,0,0,0,0,0,0,0,0,0,0,0,0,0,0,0,0,0,0,0,0,0,0,0,0,0,0,
0,0,0,0,0,0,0,0,0,0,0,0,0,3,0,0,79,0,28,0,0,0,0,0,0,14,0,0,0,0,
0,0,0,0,0,0,41,0,0,45,22,0,0,0,0,0,0,24,0,0,0,0,0,0,0,16,38,40,0,0,
0,0,0,0,0,0,0,0,0,0,0,0,0,26,0,10,0,0,0,0,0,0,0,0,0,27,0,0,0,0,
0,0,0,0,0,0,0,0,0,0,0,0,0,8,0,0,19,0,21,0,0,0,0,0,0,0,0,0,0,0,
0,0,0,0,0,0,0,0,0,0,0,0,0,23,0,2,17,0,9,0,0,0,0,0,0,25,0,0,0,0,
0,0,0,0,0,0,0,0,0,0,0,0,0,0,0,0,0,0,0,0,0,0,0,0,0,0,0,0,0,0,
0,0,0,0,0,0,0,0,0,0,0,0,0,2,0,0,0,0,2,0,0,0,0,0,0,0,0,0,0,0,
0,0,0,0,0,0,0,0,0,0,0,0,0,22,0,0,0,0,0,0,0,0,0,0,0,25,0,0,0,0,
0,0,0,0,0,0,0,0,0,0,0,0,0,2,0,0,2,0,0,0,0,0,0,0,0,45,0,0,0,0,
0,0,0,0,0,0,48,0,0,52,29,0,0,24,0,0,12,31,0,0,7,0,0,0,0,58,45,47,0,0,
0,0,0,0,0,0,105,0,0,116,86,0,0,9,0,0,0,88,0,0,0,0,0,0,0,115,102,104,0,0,
0,0,0,0,0,0,0,0,0,0,0,0,0,6,0,0,0,0,0,0,0,0,0,0,0,0,0,0,0,0,
0,0,0,0,0,0,0,0,0,0,0,0,0,0,0,0,0,0,0,0,0,0,0,0,0,0,0,0,0,0,
0,0,0,0,0,0,0,0,0,0,0,0,0,0,0,0,0,0,0,0,0,0,0,0,0,0,0,0,0,0,
0,0,0,0,0,0,0,0,0,0,0,0,0,8,0,0,9,0,0,0,7,0,0,0,0,25,0,0,0,0,
0,0,0,0,0,0,0,0,0,10,0,0,0,1,0,0,10,0,4,0,27,0,0,0,0,25,0,0,0,0,
0,0,0,0,0,0,0,0,0,0,0,0,0,0,0,0,0,0,0,0,0,0,0,159,0,37,0,0,0,0,
0,0,0,0,0,0,0,0,0,12,0,0,0,22,0,10,4,0,0,0,0,0,0,0,0,25,0,0,0,0,
0,0,0,0,0,0,0,0,0,0,0,0,0,0,0,0,2,0,0,0,6,0,0,0,0,25,0,0,12,0,
0,0,0,0,0,0,0,0,0,0,0,0,0,0,0,0,0,0,0,0,0,0,0,0,0,0,0,0,0,0,
0,0,0,0,0,0,0,0,0,0,0,0,0,11,0,0,0,0,0,0,0,0,0,0,0,0,0,0,0,0,
0,0,86,0,0,0,0,0,0,0,0,0,0,3,0,0,0,10,0,0,0,0,66,0,0,18,0,0,0,0,
0,0,0,0,0,0,0,0,0,0,0,19,0,1,0,0,1,50,0,0,0,0,0,68,0,0,0,0,0,0,
0,0,0,0,0,0,0,0,0,0,0,0,0,0,0,0,25,0,17,0,6,0,0,0,0,25,0,0,0,0,
0,0,0,0,0,0,0,0,0,0,0,0,0,0,0,0,8,0,7,0,6,0,0,0,0,25,0,0,0,0,
0,0,0,0,0,0,41,0,0,0,13,0,2,0,0,0,1,0,5,0,0,0,0,0,0,73,0,26,0,0,
0,0,0,0,0,0,0,0,0,0,0,0,0,0,0,0,0,0,0,0,0,0,0,0,0,0,0,0,0,0,
0,0,0,0,0,0,0,0,0,0,0,0,0,11,0,0,0,0,0,0,0,0,0,0,0,0,0,0,0,0,
0,0,0,0,0,0,8,0,0,0,0,0,0,1,0,0,0,0,0,0,6,0,0,0,0,28,0,19,0,0,
0,0,0,0,0,0,37,0,0,41,20,0,0,4,0,6,0,0,0,0,6,0,0,0,0,5,34,36,0,0,
0,0,0,0,0,0,0,0,0,0,3,0,0,0,0,0,0,0,0,0,0,0,0,0,0,42,0,0,0,0,
0,0,0,0,0,0,0,0,0,0,49,0,32,2,0,0,0,0,44,0,0,0,0,0,0,31,0,0,0,0,
0,0,83,0,0,0,4,0,0,0,0,0,0,13,0,0,9,0,0,0,0,0,64,0,0,36,0,0,0,0,
0,0,0,0,0,0,0,0,0,0,0,0,0,0,0,0,0,0,0,0,0,0,0,0,0,0,0,0,0,0,
0,0,0,0,0,0,0,0,0,0,0,0,0,2,0,0,9,0,0,0,0,0,0,0,0,0,0,0,0,0,
0,0,0,0,0,0,0,0,0,0,0,0,3,0,0,0,0,0,0,0,0,0,0,0,0,0,0,0,0,0,
0,0,0,0,0,0,41,0,0,0,0,0,0,97,0,3,11,0,12,0,0,0,0,0,0,50,0,26,0,0,
0,0,285,0,0,0,0,0,0,0,0,0,5,17,0,0,11,0,11,0,13,0,266,0,0,29,0,0,0,0,
0,0,86,0,0,0,41,0,0,0,0,0,0,17,0,0,5,0,3,0,0,0,67,0,0,20,0,26,0,0,
0,0,0,0,0,0,0,0,0,0,0,0,0,17,0,0,0,0,11,0,0,0,0,0,0,0,0,0,0,0,
0,0,0,0,0,0,0,0,0,0,0,0,0,0,0,0,0,0,0,0,0,0,0,0,0,0,0,0,0,0,
0,0,0,0,0,0,0,0,0,0,0,0,0,58,0,0,0,0,11,0,0,0,0,0,0,127,97,0,0,0,
0,0,0,0,0,0,129,0,0,22,99,0,0,17,0,0,0,43,11,0,0,0,0,0,0,25,49,71,0,0,
0,0,0,0,0,0,251,0,0,0,28,0,0,25,0,0,27,0,19,0,0,0,0,0,0,55,0,239,65,50,
0,0,0,0,0,0,10,0,0,0,28,0,0,0,0,0,0,0,0,0,0,0,0,0,0,27,0,0,0,0,
0,0,0,0,0,0,0,0,0,0,0,0,3,17,0,0,85,0,11,0,6,0,0,0,0,24,0,0,0,0,
0,0,0,0,0,0,0,0,0,0,0,0,0,0,0,0,0,0,0,0,0,0,0,0,0,0,0,0,0,0,
0,0,0,0,0,0,0,0,0,0,0,0,0,0,0,0,0,0,0,0,0,0,0,0,0,78,0,0,0,0,
0,0,0,0,0,0,0,0,0,0,0,0,0,1,0,0,2,0,0,0,0,0,0,0,0,31,0,0,0,0,
0,0,81,0,0,0,4,0,0,27,0,0,0,1,0,0,12,0,0,0,0,13,62,0,0,35,0,0,0,0,
0,0,0,0,0,0,0,0,0,0,0,0,0,1,0,0,7,0,35,0,0,0,0,0,0,34,0,0,0,0,
0,0,0,0,0,0,64,0,0,68,47,0,0,0,0,0,7,0,9,0,0,0,0,0,0,54,61,63,0,0,
0,0,0,0,0,0,72,0,0,0,0,0,215,0,0,0,0,0,0,60,0,0,0,0,0,25,0,57,0,0,
0,0,0,0,0,0,0,0,0,0,0,0,0,0,0,0,0,0,0,0,0,0,0,0,0,0,0,0,0,0,
0,0,0,0,0,0,0,0,0,0,0,0,0,0,0,0,0,0,0,0,0,0,0,0,0,0,0,0,0,0,
0,0,0,0,0,0,126,0,0,21,151,0,0,0,0,0,0,42,0,0,0,0,0,0,0,25,47,69,0,0,
0,0,0,0,0,0,43,0,0,0,0,0,0,0,0,0,21,0,0,0,0,0,0,0,0,11,0,0,0,0,
0,0,0,0,0,0,0,0,0,0,0,11,0,0,0,0,23,0,0,0,0,0,0,0,0,37,0,0,4,0,
0,0,0,0,0,0,0,0,0,0,0,0,0,1,0,0,0,0,4,0,0,0,0,0,0,14,0,0,0,0,
0,0,0,0,0,0,0,0,0,0,6,0,0,2,0,0,30,0,28,0,0,0,0,0,0,60,0,0,0,0,
0,0,0,0,0,0,0,0,0,0,0,0,0,0,0,0,0,0,0,0,0,0,0,0,0,0,0,0,0,0,
0,0,0,0,0,0,0,0,0,0,0,0,0,0,0,0,0,0,0,0,0,0,0,0,0,0,0,0,0,0,
0,0,0,0,0,0,0,0,0,0,11,0,0,0,0,0,40,0,55,0,0,0,0,0,0,27,0,0,0,0,
0,0,0,0,0,0,0,0,0,0,16,0,0,0,0,5,2,5,16,0,0,0,0,0,0,0,0,0,0,0,
0,0,0,0,0,0,0,0,0,11,3,0,0,0,0,0,6,0,0,0,5,0,0,0,0,27,0,0,0,0,
0,0,0,0,0,0,92,0,0,96,73,0,0,18,0,0,69,0,12,0,0,63,0,0,0,67,89,91,0,0,
0,0,0,0,0,0,0,0,0,0,0,0,0,16,0,0,3,0,10,0,0,0,0,0,0,0,0,0,0,0,
0,0,0,0,0,0,0,0,0,0,0,0,0,5,0,0,0,0,0,0,0,0,0,0,0,0,0,0,0,0,
0,0,0,0,0,0,0,0,0,0,0,0,0,3,0,0,1,0,0,0,0,0,0,0,0,0,0,0,0,0,
0,0,0,0,0,0,0,0,0,0,0,0,0,0,0,0,12,14,0,0,0,0,0,0,0,29,0,0,0,0,
0,28,0,0,0,0,0,0,0,0,0,0,0,1,0,0,7,0,0,12,0,0,0,0,0,27,0,0,0,0,
0,0,0,0,0,0,9,0,0,0,0,0,0,3,0,0,0,0,5,0,0,0,0,0,0,27,0,0,0,0,
0,0,0,0,0,0,48,0,0,85,66,0,0,0,15,0,0,65,0,0,0,10,0,0,0,71,46,50,0,0,
0,0,0,0,0,0,73,0,0,83,49,0,0,20,36,0,5,47,14,0,0,31,0,72,0,42,68,71,0,0,
0,0,0,0,0,0,0,0,0,0,0,0,0,0,0,0,0,0,0,0,0,0,0,0,0,0,0,0,0,0,
0,0,0,0,0,0,176,0,0,189,153,0,163,19,206,0,13,151,13,0,0,201,0,148,0,227,171,174,0,0,
0,0,0,0,0,0,30,0,0,0,0,0,0,99,0,0,6,4,93,0,0,0,0,72,0,4,0,18,0,0,
0,229,0,0,0,0,0,0,0,10,0,172,0,0,0,0,15,2,16,0,0,255,0,0,0,70,0,0,0,0,
0,0,0,0,0,0,0,0,0,0,0,0,2,0,0,0,13,0,29,0,0,0,0,0,0,0,0,0,0,0,
0,0,0,0,0,0,0,0,0,0,12,0,0,0,0,0,15,32,0,0,0,29,0,0,0,3,0,0,0,0,
0,0,0,0,0,0,0,0,0,0,0,0,0,0,0,0,0,0,0,0,0,0,0,0,0,0,0,0,0,0,
0,0,0,0,0,0,0,0,0,0,0,0,0,0,0,0,13,0,0,0,0,0,0,0,0,0,0,0,0,0,
0,0,0,0,0,0,76,0,0,86,57,0,0,0,39,10,3,50,0,0,6,34,0,0,0,45,71,74,5,0,
0,0,0,0,0,0,48,0,0,22,30,0,0,2,18,0,7,43,0,0,6,12,0,0,0,68,45,47,0,0,
0,0,0,0,0,0,0,0,0,4,0,0,0,0,0,0,72,12,0,0,0,0,0,0,0,0,0,0,0,0,
0,0,0,0,0,0,108,0,0,112,148,0,0,1,136,0,9,149,0,15,14,130,0,69,0,6,105,107,5,0,
0,0,0,0,0,0,85,0,0,76,61,0,0,1,48,0,2,59,0,81,0,43,0,19,0,54,80,83,0,0,
0,0,0,0,0,0,0,0,0,0,0,0,0,0,0,0,5,0,2,0,0,0,0,0,0,0,0,0,0,0,
0,0,0,0,0,0,0,0,0,0,0,0,0,0,0,0,4,0,0,0,0,0,0,0,0,0,0,0,0,0,
0,0,101,0,0,0,37,0,0,0,0,0,130,10,0,0,9,166,0,0,0,159,236,115,0,2,0,0,0,0,
0,0,0,0,0,0,55,0,0,65,31,23,0,13,33,0,21,26,18,0,0,34,0,0,0,25,50,53,8,0,
0,0,0,0,0,0,106,0,0,110,87,0,0,1,46,0,39,85,3,0,17,77,0,0,0,81,103,105,15,0,
0,0,0,0,0,0,44,0,0,97,75,0,0,1,63,0,2,102,7,0,0,57,0,0,0,5,15,100,5,6,
0,0,0,0,0,0,124,0,0,20,148,0,0,17,0,0,2,41,0,0,0,0,0,0,0,174,46,187,0,0,
0,0,0,0,0,0,47,0,0,57,23,0,0,1,0,0,0,21,0,0,0,10,0,0,0,16,42,45,0,0,
0,0,0,0,0,0,0,0,0,0,0,0,0,0,0,0,0,0,0,0,0,0,0,0,0,0,0,0,0,0,
0,0,0,0,0,0,426,0,0,430,402,0,358,405,0,0,5,404,7,0,7,392,0,343,0,396,423,425,0,0,
0,0,0,0,0,0,11,0,0,37,7,16,0,0,0,0,15,13,2,0,17,0,0,29,0,0,0,0,5,0,
0,0,0,0,0,0,44,0,0,48,26,0,0,0,0,0,3,0,5,0,0,16,0,113,0,20,41,43,0,0,
0,0,0,0,0,0,44,0,0,48,29,0,0,19,14,0,67,27,70,0,0,8,0,0,0,27,41,43,0,0,
0,0,0,0,0,0,3,0,0,0,0,0,0,16,0,0,5,3,12,0,0,0,0,154,0,0,0,0,9,0,
0,0,0,0,0,0,0,0,0,0,0,0,0,0,0,0,6,0,22,0,0,0,0,0,0,0,0,0,0,0,
0,0,0,0,0,0,0,0,0,0,0,0,0,0,0,0,0,0,0,0,0,0,0,0,0,0,0,0,0,0,
0,0,0,0,0,0,0,0,0,0,2,0,0,6,0,0,3,5,0,0,0,1,0,0,0,0,0,0,0,0,
0,0,0,0,0,0,34,0,0,8,11,21,0,2,0,0,24,17,0,0,0,2,0,59,0,2,0,23,2,0,
0,0,0,0,0,0,36,0,0,0,7,8,0,2,0,0,3,0,14,0,0,0,0,0,0,0,0,29,0,0,
0,0,0,0,0,0,0,0,0,16,25,0,0,0,0,0,11,20,24,0,0,0,0,0,0,19,0,0,0,0,
0,0,0,0,0,0,61,0,0,71,37,0,0,0,24,44,75,42,56,0,67,43,0,0,0,30,56,59,0,0,
0,0,0,0,0,0,0,0,0,0,0,0,0,0,0,0,0,0,0,0,0,0,0,0,0,0,0,0,0,0,
0,0,0,0,0,0,0,0,0,0,0,0,0,6,0,0,0,0,0,0,0,0,0,0,0,0,0,0,0,0,
0,0,0,0,0,0,127,0,0,14,82,0,219,266,0,0,17,266,0,9,0,259,0,204,0,7,0,2,0,0,
0,0,0,0,0,0,25,0,0,7,38,0,0,18,0,0,3,41,0,0,1,19,0,0,0,0,0,0,0,0,
0,0,0,0,0,0,6,0,0,0,11,0,0,6,94,0,0,8,0,0,0,95,0,68,0,0,0,11,0,0,
0,0,0,0,19,0,10,0,0,33,6,0,0,1,0,0,5,2,0,0,0,0,0,8,0,23,0,11,0,0,
0,0,0,0,0,0,176,0,0,184,150,0,0,1,137,0,0,148,0,0,0,132,0,61,0,143,169,172,0,0,
0,0,0,0,0,0,0,0,0,0,0,0,0,0,0,0,0,0,0,0,0,0,0,0,0,0,0,0,0,0,
0,0,0,0,0,0,0,0,0,0,0,0,0,8,0,0,0,0,0,0,0,0,0,0,0,0,0,0,0,0,
0,0,0,0,0,0,173,0,0,70,197,0,181,13,0,0,0,90,0,0,0,221,0,166,0,67,95,117,0,0,
0,0,0,0,0,0,0,0,0,0,6,0,16,2,0,0,7,0,0,0,0,0,0,0,0,15,0,0,1,0,
0,0,0,0,0,0,0,0,0,0,6,0,0,4,0,0,11,28,0,0,13,0,0,0,0,0,0,0,4,3,
0,0,0,0,0,0,141,0,0,37,101,33,0,2,0,0,11,58,0,0,0,0,0,0,0,34,63,84,0,0,
0,0,0,0,0,0,13,0,0,0,0,0,0,22,0,0,33,3,0,0,16,0,0,14,0,35,0,0,0,0,
0,0,0,0,0,0,0,0,0,0,0,0,0,0,0,0,0,0,0,0,0,0,0,0,0,18,0,0,0,0,
0,0,0,0,0,0,0,0,0,0,0,0,0,1,0,0,0,0,0,0,0,0,0,0,0,0,0,0,0,0,
0,0,0,0,0,0,146,0,0,578,544,0,270,199,531,0,0,204,0,0,0,526,0,10,0,107,117,202,0,0,
0,0,0,0,0,0,44,0,0,117,41,0,0,12,0,0,3,104,2,0,0,0,0,16,0,5,15,101,0,0,
0,0,0,0,0,0,0,0,0,11,0,0,0,85,0,0,67,0,0,0,0,0,0,0,0,0,0,0,0,0,
0,0,0,0,0,0,0,0,0,0,3,0,0,7,0,0,6,14,0,0,23,0,0,0,0,0,0,0,0,0,
0,0,0,0,0,0,55,0,0,65,31,0,0,2,18,0,18,29,0,0,0,13,0,0,0,24,50,53,16,0,
0,0,0,0,0,0,0,0,0,0,0,0,0,0,0,0,0,0,0,0,0,0,0,0,0,0,0,0,0,0,
0,0,0,0,0,0,0,0,0,0,0,0,0,0,0,0,0,0,0,0,0,0,0,0,0,0,0,0,0,0,
0,0,0,0,0,0,0,0,0,0,0,0,0,0,0,0,0,0,0,0,0,0,0,0,0,0,0,0,0,0,
0,0,0,0,0,0,36,0,0,7,216,0,128,172,0,0,9,0,2,0,0,166,0,32,0,3,0,55,0,0,
0,0,0,0,0,0,0,0,0,0,0,0,0,2,0,0,10,8,14,0,0,0,0,12,0,0,0,0,0,0,
0,0,0,0,0,0,169,0,0,142,151,0,0,14,23,0,9,0,8,0,0,141,0,0,0,145,166,168,0,0,
0,0,0,0,0,0,0,0,0,11,8,0,0,118,0,0,14,5,2,0,0,17,0,0,0,0,0,0,0,0,
0,0,0,0,0,0,0,0,0,0,0,0,0,0,0,0,0,0,0,0,0,0,0,0,0,0,0,0,0,0,
0,0,0,0,0,0,0,0,0,0,0,0,0,0,0,0,0,0,0,0,0,0,0,0,0,0,0,0,0,0,
0,0,3,0,0,0,36,0,0,10,2,16,128,23,0,0,26,48,57,0,0,166,0,152,0,2,0,0,0,0,
0,4,0,0,0,0,0,0,0,4,23,0,0,1,0,0,12,27,7,0,0,17,0,66,0,0,0,0,0,0,
0,5,0,0,0,0,192,0,0,40,0,0,363,2,0,0,3,0,8,0,0,0,200,81,0,27,0,26,0,0,
0,0,0,0,0,0,67,0,0,19,43,0,1,7,30,0,4,41,13,0,0,25,276,14,0,36,62,65,0,0,
0,0,4,0,0,0,9,0,0,0,12,0,0,25,0,0,0,10,0,0,0,0,0,0,0,0,0,0,0,0,
0,0,0,0,0,0,0,0,0,0,0,0,0,0,0,0,0,0,0,0,0,0,0,0,0,0,0,0,0,0,
0,0,0,0,0,0,0,0,0,0,0,0,0,0,0,0,0,0,46,0,0,0,0,0,0,0,0,0,0,0,
0,5,0,0,0,0,33,0,0,0,222,0,127,43,0,0,27,232,47,9,0,162,0,110,0,182,0,0,0,0,
0,1,0,0,0,0,161,0,0,170,137,0,2,2,124,0,193,135,0,0,16,119,0,160,0,130,156,159,19,0,
0,2,0,0,0,0,159,0,0,230,49,0,3,2,36,0,0,217,0,0,0,31,0,0,0,120,130,215,3,0,
0,7,0,0,0,0,0,0,0,0,13,0,0,14,0,0,21,31,0,0,0,0,0,0,0,7,0,0,11,3,
0,0,50,0,0,0,0,0,0,0,11,0,24,2,0,0,12,41,12,0,0,0,0,0,0,0,0,0,11,0,
0,0,0,0,0,0,0,0,0,0,0,0,0,0,0,0,0,0,0,0,0,0,0,0,0,0,0,0,0,0,
0,0,0,0,0,0,0,0,0,0,0,0,1,4,0,0,0,0,0,0,0,0,0,0,0,0,0,0,0,0,
0,0,0,0,0,0,33,0,0,0,220,0,124,198,0,0,4,230,0,0,2,161,0,109,0,181,0,0,0,0,
0,0,71,0,0,0,0,0,0,0,6,0,0,2,0,0,18,18,47,0,0,11,189,0,0,0,0,0,0,0,
0,4,0,0,0,0,43,0,0,0,84,0,0,32,0,17,2,101,8,0,0,0,0,2,0,19,14,99,0,0,
0,1,0,0,0,0,190,0,0,151,286,0,0,31,236,0,257,171,8,0,0,0,198,0,0,148,176,199,0,0,
0,3,0,193,0,0,187,0,0,0,8,0,3,2,0,0,96,20,47,0,0,378,384,18,0,24,0,0,0,0,
0,0,0,0,0,0,0,0,0,0,0,0,0,0,0,0,0,0,0,0,0,0,0,0,0,0,0,0,0,0,
0,2,0,0,0,0,0,0,0,0,0,0,0,0,0,0,0,0,0,0,0,0,0,0,0,0,0,0,0,0,
0,1,0,0,0,0,204,0,0,213,180,0,129,12,167,17,35,178,3,0,6,162,0,87,0,19,199,202,0,0,
0,92,0,0,0,0,19,0,0,0,79,0,134,76,0,0,15,78,17,0,0,0,0,21,0,0,0,79,0,0,
0,0,0,0,0,0,0,0,0,3,0,0,228,11,0,0,4,266,8,0,0,0,0,5,0,61,0,25,0,0,
0,1,0,0,0,0,36,0,0,54,96,0,650,44,0,0,25,6,40,0,62,0,0,0,0,10,0,118,0,0,
0,3,0,0,0,0,100,0,0,109,74,0,0,187,61,0,12,72,8,0,0,56,0,0,0,67,95,98,0,0,
0,0,0,0,0,0,0,0,0,0,0,0,0,0,0,0,0,0,0,0,0,0,0,0,0,0,0,0,0,0,
0,0,0,0,0,0,0,0,0,0,0,0,0,0,0,0,0,0,0,0,0,0,0,0,0,0,0,0,0,0,
0,4,0,0,0,0,0,0,0,0,0,0,0,0,0,0,0,2,0,0,0,0,0,0,0,0,0,0,0,0,
0,0,0,0,0,0,0,0,0,0,0,0,1,0,0,0,0,0,0,0,0,0,0,0,0,0,0,0,0,0,
0,0,0,0,0,0,191,0,0,199,213,0,124,7,152,0,5,163,8,0,0,147,0,109,0,174,186,189,0,0,
0,273,0,0,0,0,124,0,0,132,98,0,122,166,85,0,12,96,23,0,0,80,0,107,0,91,119,122,0,0,
0,0,0,0,0,0,66,0,0,74,40,0,2,4,27,0,16,38,12,0,0,22,0,0,0,33,61,64,0,0,
0,0,0,0,0,0,0,0,0,0,0,0,0,0,0,0,4,0,0,0,0,0,0,0,0,0,0,0,0,0,
0,0,0,0,0,0,0,0,0,0,0,0,1,4,0,0,0,0,0,0,0,0,0,0,0,0,0,0,0,0,
0,3,0,0,0,0,0,0,0,0,40,0,1,18,0,0,2,52,45,0,0,0,0,0,0,2,0,0,0,0,
0,4,0,0,0,0,0,0,0,0,9,0,10,35,0,0,14,12,88,0,75,0,0,23,0,12,0,0,16,0,
0,1,0,0,0,0,0,0,0,0,0,0,0,78,0,2,2,6,22,0,0,26,0,0,0,0,0,0,0,0,
0,0,0,0,0,58,51,0,0,0,0,0,5,53,0,0,39,19,0,0,13,0,0,88,0,0,0,0,0,0,
0,0,0,0,0,0,148,0,0,40,56,0,7,18,124,0,62,2,3,0,0,0,0,66,0,3,65,88,0,0,
0,0,0,0,0,0,0,0,0,0,0,0,0,0,0,0,0,0,0,0,0,0,0,0,0,0,0,0,0,0,
0,0,0,0,0,0,0,0,0,0,0,0,0,0,0,0,0,0,0,0,0,0,0,0,0,0,0,0,0,0,
0,105,0,0,0,0,85,0,0,0,45,0,175,3,0,0,18,234,6,0,0,211,0,159,0,54,0,0,104,0,
0,2,0,0,0,0,0,0,0,0,0,0,6,5,0,0,3,0,4,0,0,1,0,5,0,0,0,0,7,0,
0,0,163,28,0,105,26,8,0,0,7,0,3,8,0,0,12,106,4,0,0,40,0,76,0,3,0,36,0,0,
0,25,0,0,0,0,49,0,0,114,0,0,0,30,0,0,3,103,5,0,0,0,0,0,0,20,25,0,0,0,
0,0,0,0,0,35,151,0,0,37,177,0,1,8,126,3,57,66,3,0,0,0,36,64,0,108,65,88,0,0,
0,0,0,0,0,0,0,0,0,0,0,0,0,0,0,0,0,0,6,0,0,0,0,0,0,0,0,0,0,0,
0,0,0,0,0,0,0,0,0,0,0,0,0,0,0,0,0,0,0,0,0,0,0,0,0,0,0,0,0,0,
0,0,0,0,0,0,33,0,0,0,204,0,121,165,0,0,156,197,154,0,0,157,0,106,0,2,0,0,0,0,
0,4,0,0,0,14,0,0,0,0,0,0,0,23,0,0,2,15,23,0,0,15,0,0,0,0,0,0,28,10,
0,6,10,0,0,0,0,0,0,0,0,0,4,14,0,0,17,2,24,0,0,0,0,0,0,0,0,0,0,0,
0,4,0,0,0,0,0,0,0,4,0,0,0,14,0,0,3,0,19,0,0,0,0,29,0,0,0,0,0,0,
0,9,12,0,0,0,68,0,0,72,48,0,0,36,0,0,20,7,4,25,0,38,0,176,0,42,65,67,0,0,
0,0,0,0,0,0,0,0,0,0,0,0,0,0,0,0,3,0,0,0,0,0,0,0,0,0,0,0,0,0,
0,1,0,0,0,0,0,0,0,0,0,0,3,1,0,0,85,0,0,0,0,0,0,0,0,0,0,0,0,0,
0,22,0,0,0,0,284,0,0,288,259,0,93,165,245,0,215,2,0,0,0,258,182,214,0,253,281,283,15,9,
0,0,0,0,0,34,148,0,0,120,174,0,5,9,123,0,10,56,3,0,0,2,0,15,0,34,62,85,0,0,
4,163,13,0,10,81,0,0,0,0,13,27,1,5,0,0,5,6,0,0,0,0,0,183,0,0,0,0,0,15,
0,5,31,0,0,0,0,0,0,0,0,0,0,29,0,0,35,0,6,0,0,0,0,0,0,0,0,22,8,13,
0,4,0,0,0,0,65,0,0,69,44,0,0,8,0,0,27,27,16,0,17,34,0,0,0,38,62,64,27,17,
0,0,0,0,0,0,0,0,0,0,0,0,0,0,0,0,0,0,0,0,0,0,0,0,0,0,0,0,0,0,
0,0,0,0,0,0,0,0,0,0,13,0,2,4,0,0,6,11,0,0,0,0,0,0,0,0,0,0,0,0,
10,3,0,0,0,0,32,0,0,0,228,0,122,6,0,8,11,253,19,25,57,155,242,105,0,190,0,0,3,6,
10,4,0,0,0,142,53,0,0,57,32,4,0,3,0,0,15,9,0,0,0,22,0,96,0,66,50,52,2,19,
0,2,87,0,0,13,17,0,0,80,23,43,10,9,149,0,6,152,46,0,0,151,0,111,0,0,0,85,10,6,
0,4,0,0,0,13,0,0,0,17,2,0,0,41,0,0,54,15,0,0,0,0,0,177,0,0,0,0,51,58,
10,3,0,0,0,1,0,0,0,0,1,0,0,50,0,0,91,0,13,0,11,0,0,62,0,1,0,0,59,83,
0,0,0,0,0,0,0,0,0,0,0,0,0,0,0,0,3,0,4,0,0,0,0,0,0,0,0,0,0,0,
0,0,0,0,0,0,0,0,0,0,0,0,1,0,0,0,9,2,0,0,0,0,0,0,0,0,0,0,0,0,
10,3,0,0,0,5,0,0,0,0,0,0,2,18,0,0,6,0,8,0,11,0,0,62,0,0,0,0,17,22,
10,3,0,0,0,9,199,0,0,203,179,0,2,74,119,0,9,53,12,0,0,169,0,228,0,173,196,198,67,0,
21,14,0,0,0,0,54,0,0,40,13,0,9,13,0,0,31,19,21,0,48,0,0,0,0,16,0,0,25,14,
0,30,89,0,0,0,46,0,56,55,25,3,0,3,0,0,19,15,21,0,21,15,0,0,0,19,43,50,21,0,
0,3,0,0,0,109,16,0,0,79,13,0,0,17,148,0,69,11,18,0,0,150,0,80,0,0,0,84,18,0,
0,0,0,0,0,0,0,0,0,0,0,0,0,0,0,0,0,0,0,0,0,0,0,0,0,0,0,0,0,0,
0,4,0,0,0,0,0,0,0,0,0,0,0,6,0,0,13,0,15,0,0,0,0,0,0,0,0,0,0,0,
0,3,199,0,0,0,32,0,0,0,234,0,121,28,0,0,87,259,6,0,170,155,248,105,0,196,0,0,53,76,
0,85,473,0,15,35,13,0,0,76,0,0,0,4,145,0,334,6,329,0,391,147,0,64,0,0,430,81,264,287,
34,27,92,0,65,3,119,25,0,122,119,0,156,9,117,0,4,146,65,0,17,0,0,30,0,100,57,126,149,103,
24,11,18,0,7,0,35,0,0,293,259,0,103,8,246,0,140,257,125,0,0,0,0,5,0,252,280,283,137,117,
10,13,0,105,0,0,40,0,0,0,69,0,0,7,0,0,4,68,25,0,0,0,0,0,0,65,0,0,24,6,
0,2,0,0,0,0,0,0,0,0,0,0,0,0,0,74,0,0,0,0,0,0,0,0,0,65,0,0,0,0,
0,15,0,0,0,0,0,0,0,0,0,0,0,0,0,0,23,0,0,0,0,0,0,0,0,0,0,0,2,0,
0,51,0,0,0,120,316,0,0,320,295,0,41,230,0,0,26,277,25,0,6,285,249,151,0,289,313,315,26,16,
21,2,0,0,15,0,20,0,66,0,0,20,107,156,0,290,67,9,430,341,0,0,0,13,0,4,0,0,65,56,
0,107,0,0,15,48,0,0,0,0,0,0,25,38,0,0,19,7,6,0,0,69,0,18,0,2,0,0,16,19,
0,27,98,0,15,118,142,0,0,222,6,150,26,12,305,0,12,140,14,0,198,0,0,148,0,219,245,268,60,19,
0,0,92,0,0,22,19,0,0,0,55,0,2,0,0,59,18,24,20,2,15,0,0,82,0,0,0,27,103,69,
0,0,0,0,0,0,0,0,0,0,0,0,0,0,0,0,37,0,0,0,0,0,0,0,0,0,0,0,34,0,
0,0,0,0,0,0,0,0,0,0,11,0,0,0,0,0,0,0,0,0,0,0,0,0,0,0,0,0,0,0,
0,0,0,0,0,0,0,0,0,0,0,0,1,0,0,0,0,0,0,0,0,0,0,0,0,0,0,0,0,0,
0,20,20,0,37,0,96,0,0,0,55,0,192,238,0,0,68,74,56,0,0,219,243,169,0,66,0,0,66,0,
0,24,0,0,0,173,3,0,0,0,14,0,9,148,0,0,3,12,0,0,0,0,0,202,0,0,0,0,35,38,
0,93,121,0,0,21,0,0,0,0,0,0,2,58,0,0,71,3,15,73,108,0,0,66,0,0,0,0,109,108,
1,205,211,0,15,0,0,0,0,0,10,0,1,6,0,0,196,7,254,0,134,0,0,0,0,0,0,0,223,84,
0,0,0,0,0,0,0,0,0,0,0,0,0,0,0,0,0,0,0,0,0,0,0,0,0,0,0,0,0,0,
0,0,0,0,0,0,0,0,0,0,0,0,15,0,0,0,12,0,21,0,0,0,0,0,0,0,0,0,19,0,
0,0,0,0,0,99,29,0,0,0,236,0,22,52,0,0,30,261,29,0,0,155,250,70,0,198,0,0,17,27,
1,94,0,0,0,0,159,0,34,148,177,11,75,126,0,0,42,6,0,0,0,0,0,0,0,176,154,150,47,0,
0,64,0,0,55,0,9,0,0,0,49,118,80,23,0,0,58,6,45,0,0,0,0,16,0,4,0,0,76,62,
1,17,4,0,0,150,24,0,0,0,0,74,6,6,0,0,67,4,74,0,120,4,0,133,0,0,0,0,80,23,
16,21,10,0,0,95,36,0,505,0,0,27,547,548,0,0,3,1,3,0,9,0,0,67,0,0,0,41,31,0,
0,0,0,0,0,0,0,0,0,0,0,0,0,0,0,0,2,0,0,0,0,0,0,0,0,0,0,0,5,0,
0,0,0,0,0,0,0,0,0,0,0,0,9,8,0,0,0,0,0,0,0,0,0,0,0,0,0,0,0,0,
10,0,0,0,0,95,507,0,0,403,565,91,125,231,484,0,2,418,2,0,0,160,256,110,0,400,424,448,13,9,
2,0,0,0,0,40,17,0,0,0,0,0,2,5,0,0,18,5,5,0,0,0,0,0,0,0,0,25,13,7,
4,0,89,0,0,17,0,0,6,0,0,0,0,4,0,0,25,4,25,0,21,0,0,25,0,3,0,36,59,55,
36,0,0,0,32,0,138,0,0,35,163,0,31,18,115,0,103,50,153,0,0,7,0,12,0,32,56,79,31,30,
9,0,0,0,13,0,138,0,0,35,163,0,1,0,115,0,52,50,8,0,0,0,0,5,0,32,56,79,72,0,
0,0,0,0,32,0,0,0,0,0,0,0,2,0,0,0,0,0,0,0,0,0,0,0,0,0,0,0,0,0,
0,0,0,0,0,0,0,0,0,0,0,0,0,0,0,0,8,0,0,0,17,0,0,0,0,0,0,0,0,0,
6,0,71,0,0,3,41,0,0,0,0,0,129,33,0,0,15,48,22,0,43,164,188,186,0,11,0,0,3,8,
10,0,0,0,0,0,0,0,0,0,34,13,5,6,0,0,44,21,35,0,10,0,60,12,0,0,0,0,17,40,
18,0,0,19,0,0,84,14,0,73,106,0,0,46,0,0,11,9,1,0,0,0,0,12,0,105,79,75,27,15,
12,21,110,198,0,0,137,0,0,34,162,0,9,2,114,0,117,49,114,0,0,266,155,5,0,31,55,78,125,130,
90,56,0,74,107,5,10,2,163,10,39,161,1,2,0,0,11,38,12,0,0,0,62,0,13,35,0,0,8,17,
1,0,0,0,0,0,0,0,0,0,0,0,0,0,0,0,0,0,0,0,0,0,0,0,0,0,0,0,0,0,
1,0,0,0,0,0,0,2,0,0,0,0,3,2,0,0,2,0,0,0,0,0,0,0,0,0,0,0,0,0,
0,40,72,0,0,163,136,0,0,33,161,0,120,160,113,2,58,48,33,0,47,155,301,199,3,36,54,77,38,44,
17,0,0,198,23,183,62,0,0,66,6,0,9,18,0,0,25,42,5,0,0,266,155,108,0,34,59,61,3,0,
2,0,0,0,0,94,502,0,0,397,527,0,0,5,478,0,9,413,26,0,1,0,0,176,0,394,419,442,60,0,
6,17,17,0,0,0,139,0,0,33,165,0,1,18,115,0,34,49,28,0,0,0,0,0,42,30,55,79,26,12,
11,0,0,0,0,0,139,0,6,33,165,76,109,127,115,0,8,49,11,0,0,0,0,0,32,30,55,79,18,0,
0,0,0,0,0,0,0,0,0,0,0,0,0,0,0,0,2,0,0,0,0,0,0,0,0,0,0,0,0,0,
2,0,0,0,0,0,0,0,0,0,0,0,4,4,0,9,0,0,0,0,0,0,0,0,0,0,0,0,0,0,
247,214,0,232,264,0,23,0,320,27,240,318,122,451,0,0,468,11,422,0,0,155,523,105,0,3,20,22,232,229,
87,15,140,72,104,176,13,0,159,0,37,157,1,147,0,0,104,38,107,0,4,130,0,148,0,33,0,0,106,19,
8,31,58,0,0,43,5,0,0,23,0,75,11,2,0,0,55,7,71,0,0,0,125,73,97,0,0,0,18,16,
1,0,8,0,0,192,0,0,0,0,0,0,0,130,0,0,5,0,7,0,2,0,62,240,8,0,0,0,56,39,
3,49,44,0,0,7,106,0,0,110,0,0,0,14,0,0,52,94,8,0,11,0,62,56,16,86,103,105,57,0,
1,0,0,0,0,0,0,0,0,0,0,0,0,0,0,0,0,0,0,0,0,0,0,0,0,0,0,0,0,0,
0,0,0,0,0,0,0,0,0,0,0,0,0,10,0,0,15,0,0,0,0,0,0,0,0,0,0,0,0,0,
0,91,0,0,0,4,337,0,0,341,0,0,320,359,0,0,33,318,16,3,0,355,171,305,0,310,334,336,93,0,
1,22,8,0,0,18,73,0,0,77,0,0,11,28,0,0,19,45,8,0,2,0,10,0,2,53,70,72,16,0,
0,63,44,0,0,0,59,0,0,0,0,0,22,16,0,0,27,0,11,0,0,0,0,89,20,0,0,0,33,0,
109,76,44,94,126,0,32,0,181,6,59,179,0,10,0,0,39,58,53,0,0,0,0,0,2,10,0,29,35,0,
38,31,0,30,13,0,8,0,0,0,0,6,0,51,0,0,18,0,10,0,0,0,0,11,5,0,0,0,41,21,
1,0,0,0,0,0,0,0,0,0,0,0,0,0,0,0,2,0,0,0,0,0,0,0,0,0,0,0,0,0,
2,0,0,0,0,0,0,0,0,0,0,0,0,0,0,0,0,0,0,0,0,0,0,0,0,0,0,0,0,0,
9,6,93,72,104,177,86,0,159,19,112,157,120,77,60,0,109,35,65,0,87,155,166,201,0,16,0,0,13,9,
2,0,140,0,13,7,48,0,0,52,0,15,0,28,0,0,8,29,85,0,147,0,0,23,24,21,45,47,58,9,
0,41,34,0,0,512,21,0,0,106,0,28,105,312,29,0,670,98,13,0,0,69,0,110,660,22,26,27,80,82,
2,270,81,0,0,39,3,0,210,0,0,0,251,300,0,0,82,0,63,0,55,0,0,117,14,0,0,0,89,18,
96,59,167,72,104,0,73,0,159,77,151,157,0,32,99,0,16,62,7,0,137,0,0,0,8,54,70,72,23,0,
0,0,0,0,0,0,0,0,0,0,0,0,0,36,0,0,51,0,0,0,0,0,0,0,0,0,0,0,6,0,
0,0,0,0,0,0,0,0,0,0,0,0,0,0,0,0,0,0,0,0,0,0,0,0,0,0,0,0,0,0,
36,31,87,12,0,0,67,0,0,72,172,0,240,78,99,0,105,56,59,0,57,198,163,31,3,93,64,66,165,0,
57,14,0,43,170,0,0,0,0,0,0,0,159,68,0,2,68,33,2,0,0,0,0,0,0,8,0,0,16,3,
51,19,0,43,0,35,107,0,0,146,0,0,14,24,0,14,65,96,32,0,0,0,0,63,67,108,104,106,46,10,
124,41,0,155,13,0,51,31,11,23,632,0,132,18,0,0,41,40,498,0,0,0,0,41,47,86,48,50,511,54,
43,27,164,25,22,81,49,0,0,53,572,0,3,21,0,25,104,30,438,0,138,0,0,68,0,22,46,48,451,19,
0,0,0,0,0,0,0,0,0,0,0,0,0,0,0,0,0,0,16,0,0,0,0,0,0,0,0,0,26,0,
6,0,0,0,0,0,0,0,0,0,0,3,4,0,0,0,0,0,0,0,0,0,0,0,0,0,0,0,0,0,
38,18,257,6,122,0,37,0,0,0,0,110,128,167,0,0,109,215,65,0,57,157,176,109,240,8,0,0,211,0,
16,40,0,72,46,93,10,110,9,0,2,108,1,11,0,0,27,37,148,0,0,121,185,123,122,29,0,0,30,38,
27,11,91,72,34,10,10,24,106,13,24,104,0,0,0,0,87,8,2,0,0,0,0,8,21,33,0,0,77,6,
2,39,38,194,34,13,8,0,107,28,19,75,1,21,0,0,35,7,9,342,0,260,152,0,0,0,0,71,68,69,
121,88,183,106,138,220,44,0,192,24,71,190,30,55,99,0,42,70,29,0,167,0,0,254,179,33,42,45,181,0,
4,0,0,0,0,0,0,0,0,0,0,0,0,0,0,0,0,0,0,0,0,0,0,0,0,0,0,0,0,0,
3,0,0,0,13,0,0,0,0,0,0,0,1,5,0,0,22,0,2,0,0,0,0,0,0,0,0,0,0,0,
162,0,193,147,0,35,68,0,10,68,252,0,34,62,0,0,171,50,185,0,146,155,266,107,99,42,65,89,184,44,
3,27,76,48,78,31,86,0,0,154,0,8,0,12,0,23,33,68,37,11,50,121,184,19,7,27,83,175,11,17,
8,88,0,0,8,10,54,0,0,9,27,0,0,13,0,0,16,28,9,0,4,0,0,0,8,21,51,30,22,80,
17,0,0,0,9,35,153,25,0,157,6,0,64,6,32,0,2,52,7,0,15,21,0,59,63,134,150,152,11,2,
87,70,41,72,164,0,10,0,158,166,37,36,7,8,12,0,63,36,7,16,50,0,0,0,12,33,0,0,58,20,
0,0,0,0,0,0,0,0,0,0,0,0,0,15,0,0,0,0,0,11,0,0,0,0,0,0,0,0,3,10,
0,0,0,0,14,0,0,0,0,0,0,0,0,0,0,0,7,0,0,0,0,0,0,0,0,0,0,0,0,0,
4,64,0,0,50,6,193,0,0,72,219,10,47,3,147,0,39,82,32,0,0,148,255,101,3,63,89,113,45,67,
12,185,0,147,245,43,4,0,0,0,0,0,52,3,28,0,14,8,13,0,0,21,184,0,206,45,0,0,206,0,
0,680,6,0,13,0,151,546,0,19,178,28,28,7,102,5,16,20,9,0,0,0,0,0,680,18,42,66,22,468,
0,0,0,0,0,0,0,0,0,0,0,0,0,12,0,0,9,0,0,0,0,0,0,0,0,0,0,0,0,0,
2,0,0,0,0,0,0,0,0,0,0,0,0,0,0,0,3,0,5,0,0,0,0,0,0,0,0,0,0,0,
3,0,0,0,0,0,0,0,0,0,0,0,0,7,0,0,3,0,0,0,0,0,0,0,0,0,0,0,0,0,
17,0,0,0,0,0,0,0,0,0,0,0,1,5,0,0,7,0,0,0,0,0,0,0,2,0,0,0,0,0,
26,117,93,147,125,5,271,0,523,217,13,196,90,84,301,0,6,507,2,0,62,389,534,342,105,277,240,265,117,63,
2,103,257,147,34,119,347,0,105,21,137,103,8,125,299,6,146,7,261,0,264,121,184,147,11,182,238,42,229,0,
2,61,110,0,38,1,42,0,10,19,176,0,18,14,103,0,23,21,11,0,78,0,62,0,52,6,42,67,233,65,
50,36,157,31,114,32,10,0,157,60,48,155,0,3,1,0,132,51,28,0,130,0,62,0,78,9,61,63,138,2,
5,35,0,147,99,38,39,0,185,43,0,337,0,2,0,4,14,26,39,0,0,121,188,69,36,44,36,38,28,56,
0,0,0,0,0,0,0,0,0,0,0,0,0,51,0,0,35,0,0,0,0,0,0,0,0,0,0,0,0,0,
0,1,0,0,48,0,0,0,121,0,0,119,0,2,0,0,0,0,0,0,0,0,0,0,0,0,0,0,0,0,
38,42,106,72,103,103,150,0,157,20,176,155,163,123,103,0,106,159,9,0,0,193,186,110,0,202,42,41,26,0,
36,4,0,0,34,152,162,0,107,166,147,105,22,211,103,0,16,148,31,0,0,0,63,447,9,142,159,161,22,13,
44,30,236,25,44,9,25,0,115,18,176,113,8,127,103,82,156,35,155,0,125,0,17,21,14,24,42,67,32,0,
21,27,21,0,52,6,35,12,0,40,22,18,4,3,0,0,7,13,20,8,242,25,63,0,50,17,33,35,2,15,
86,54,99,72,34,10,126,28,106,130,176,104,7,2,103,11,41,138,4,15,0,65,135,0,6,99,123,125,58,28,
0,5,0,0,0,0,0,0,0,0,0,0,0,10,0,11,0,0,0,0,0,0,0,0,0,0,0,0,0,0,
0,19,0,0,9,130,30,0,0,0,0,20,116,204,0,0,22,268,0,0,0,148,257,161,0,209,0,0,0,0,
4,70,82,147,314,58,58,0,353,62,44,331,0,203,102,0,4,43,9,61,5,121,61,122,22,39,55,57,22,93,
123,185,93,72,116,46,145,0,200,52,131,104,11,318,0,0,204,132,150,51,9,0,63,77,127,7,142,144,22,186,
80,66,119,25,97,43,16,67,74,0,0,15,21,14,0,0,54,66,52,47,54,0,74,0,65,7,0,62,144,132,
130,101,77,138,0,9,7,0,0,0,0,53,31,18,4,165,96,11,2,163,50,0,67,111,6,6,0,0,57,49,
49,215,118,217,16,0,239,0,0,243,213,12,0,178,102,73,124,214,3,71,129,0,215,47,37,207,236,238,23,0,
0,0,0,0,0,0,0,0,0,0,15,0,0,46,0,0,63,0,0,0,53,0,0,0,0,0,0,0,0,0,
0,0,0,0,0,0,0,0,0,0,0,0,0,20,0,0,5,0,35,0,0,0,0,0,0,0,0,0,0,0,
13,101,0,0,0,0,30,0,0,0,1,0,116,110,0,73,84,206,7,71,0,148,71,26,66,2,0,0,56,58,
11,0,0,0,0,0,15,0,0,0,15,0,2,46,0,6,13,0,15,4,0,0,82,0,64,23,0,0,23,29,
4,137,165,245,275,0,29,0,329,0,10,327,0,12,0,0,32,209,54,0,140,0,0,0,14,14,0,0,33,27,
67,85,0,73,0,0,90,0,0,94,0,0,0,5,0,0,24,77,7,0,18,0,72,67,7,69,87,89,34,49,
1,13,0,0,36,19,0,0,106,0,0,104,0,21,0,19,3,8,23,0,3,0,72,0,10,0,0,0,0,30,
2,0,0,0,0,0,0,0,0,0,0,0,0,2,0,0,0,0,0,0,0,0,0,0,0,0,0,0,0,9,
0,0,0,0,0,0,0,0,0,0,0,0,0,4,0,0,0,0,0,0,0,0,0,0,0,0,0,0,0,0,
0,0,0,0,0,0,0,0,0,0,0,0,0,3,0,0,0,0,0,0,0,0,0,0,0,0,0,0,0,0,
2,0,0,0,0,0,0,129,0,0,0,0,0,8,0,0,137,0,0,0,133,0,0,0,0,0,0,0,17,120,
2,43,0,0,30,23,149,0,0,19,174,0,5,7,102,106,61,34,0,119,0,0,0,0,0,16,41,66,22,28,
0,35,30,0,0,0,149,0,0,19,174,0,6,16,102,25,17,153,18,157,0,0,0,13,47,16,41,66,23,29,
0,283,225,0,0,0,0,0,0,0,0,15,288,5,0,136,269,0,292,140,195,0,0,0,280,4,0,0,205,289,
0,144,0,0,0,0,0,0,0,0,0,0,0,2,0,98,142,0,0,114,0,0,0,0,0,0,0,0,0,145,
0,0,0,0,0,0,0,0,0,0,0,0,0,4,0,0,0,0,0,0,0,0,0,0,0,0,0,0,0,0,
0,0,0,0,0,0,0,0,0,0,0,0,4,8,0,0,54,0,0,0,0,0,0,0,0,0,0,0,52,0,
13,155,0,0,32,0,89,0,0,78,56,20,1,42,0,30,194,6,0,125,0,0,57,0,11,55,83,80,55,156,
2,260,0,44,6,0,10,0,156,0,37,154,0,12,0,214,258,36,112,230,0,0,0,0,283,33,0,0,21,261,
2,315,163,38,80,0,190,0,0,194,52,0,0,10,101,269,313,171,5,285,133,0,6,21,338,163,187,189,143,316,
9,54,80,72,102,52,340,0,156,212,365,154,0,3,294,0,12,231,2,0,50,0,0,65,8,7,234,259,93,26,
0,0,0,0,0,0,0,0,0,0,0,0,0,2,0,0,0,0,6,0,0,0,0,0,0,0,0,0,0,0,
0,0,0,5,0,0,0,0,0,0,0,0,0,8,0,0,23,0,6,0,0,0,0,0,0,0,0,0,0,0,
0,134,0,0,0,166,30,180,0,0,0,0,15,160,2,87,6,14,4,103,0,148,167,25,177,20,0,0,31,135,
2,0,167,0,48,0,122,0,0,0,0,0,2,16,0,6,104,49,226,4,137,0,0,66,6,0,0,53,147,126,
6,141,44,72,102,4,13,0,156,0,37,154,0,21,0,117,151,5,0,133,0,0,0,0,192,35,0,0,0,137,
0,325,0,0,0,52,8,0,0,0,0,0,1,58,0,333,310,0,311,308,0,0,6,65,20,0,0,0,0,323,
35,672,288,10,0,0,50,0,0,0,0,5,20,23,0,680,5,19,4,541,254,0,0,0,0,7,0,0,265,682,
0,235,241,0,0,0,0,0,0,0,0,0,0,101,0,132,3,0,113,148,0,0,0,0,207,0,0,0,2,180,
0,35,0,0,0,0,0,0,0,0,0,0,36,25,0,54,13,0,55,0,0,0,0,0,0,0,0,0,20,47,
3,0,0,0,12,0,0,47,0,0,0,0,16,9,0,12,26,0,0,0,0,0,0,0,44,4,0,0,0,0,
2,261,319,0,32,1,148,0,0,19,173,0,19,186,103,214,309,46,194,230,212,0,38,0,299,210,42,67,34,262,
27,32,109,0,34,0,146,0,106,19,171,104,0,12,101,34,54,47,11,0,7,0,0,0,8,33,42,65,0,49,
3,0,0,0,0,0,28,0,0,41,53,0,38,45,8,62,65,0,64,0,0,0,26,0,12,7,22,18,59,65,
2,128,0,0,0,0,163,0,0,173,150,0,7,11,100,81,126,157,4,97,0,88,0,0,168,67,179,175,26,129,
2,155,0,0,0,0,0,0,0,0,0,0,0,12,0,109,152,0,5,125,0,0,0,0,0,0,0,0,0,156,
2,231,0,0,0,0,0,0,0,0,0,0,0,4,0,185,22,0,23,201,0,0,0,0,0,0,0,0,0,232,
4,75,45,0,0,0,261,0,0,208,9,2,352,351,289,29,11,437,0,45,0,379,438,332,0,267,230,253,11,76,
2,74,81,420,450,0,370,0,504,80,385,12,362,4,27,366,176,103,55,44,51,0,0,0,6,95,73,75,171,178,
2,80,159,0,9,0,332,0,0,207,370,3,101,174,7,175,10,223,20,50,9,0,0,0,127,266,229,252,26,33,
2,57,73,0,0,0,16,58,0,207,357,0,305,283,50,326,31,223,195,342,102,47,0,0,25,267,229,252,201,28,
2,165,159,69,117,0,3,87,153,0,35,136,132,12,0,289,71,9,60,305,6,0,0,0,179,7,0,0,66,73,
0,0,0,0,0,0,0,0,0,0,0,4,0,0,0,0,0,0,0,0,0,0,0,0,0,0,0,0,0,0,
0,107,0,0,0,0,0,0,0,0,0,0,0,0,0,61,105,0,22,77,0,0,0,0,132,0,0,0,0,108,
6,51,48,22,99,49,72,47,153,19,169,151,170,15,99,28,10,248,0,0,157,190,209,143,0,44,41,64,0,0,
12,256,77,0,2,5,0,44,0,0,97,0,267,168,71,47,287,0,283,63,0,12,0,95,25,7,0,0,0,298,
5,289,70,35,0,0,0,15,0,0,0,0,300,98,11,199,320,10,316,215,22,0,0,0,368,18,0,0,66,331,
2,382,48,69,99,0,142,108,153,146,169,151,393,144,99,122,129,118,409,310,0,0,0,0,23,110,139,141,28,424,
7,198,318,0,0,0,52,475,0,0,0,0,209,406,13,0,320,13,225,0,603,0,0,0,174,86,0,0,622,240,
0,89,0,0,0,0,0,0,0,0,0,0,99,0,0,26,118,0,114,42,0,0,0,0,6,0,0,0,0,129,
0,2,61,0,0,0,0,0,0,0,0,0,1,35,0,28,29,35,0,0,0,0,0,0,28,0,0,0,28,0,
7,302,42,0,12,0,147,0,58,20,70,12,340,278,102,256,43,73,29,272,62,0,6,0,58,39,42,66,34,303,
6,99,308,0,64,47,81,0,58,0,27,138,10,14,11,54,144,13,27,70,0,0,8,84,241,12,0,0,26,33,
9,82,22,35,9,90,6,0,4,10,51,0,0,90,40,37,342,55,341,53,63,0,0,95,188,37,0,6,26,83,
3,386,87,0,9,254,207,56,0,211,110,64,50,117,11,289,3,30,61,305,5,0,0,0,389,25,204,206,0,80,
0,44,0,0,0,85,95,56,0,99,369,0,11,31,298,69,48,65,9,5,0,0,0,0,189,38,92,94,28,47,
0,79,0,0,0,0,0,0,0,0,0,0,0,0,0,34,77,0,0,50,0,0,0,0,61,0,0,0,0,80,
108,150,161,28,0,0,0,15,0,0,0,0,150,133,0,28,153,0,127,0,0,0,0,0,57,0,0,0,0,41,
81,74,0,8,12,0,169,0,0,159,181,0,20,2,104,3,3,15,28,45,0,287,305,240,10,12,152,154,0,75,
0,112,22,0,0,0,101,100,58,58,0,64,24,20,4,113,66,77,29,83,29,0,6,0,21,69,98,100,0,112,
0,291,339,0,9,55,76,74,0,80,0,20,328,20,24,246,3,56,120,262,2,0,10,93,318,53,73,75,0,64,
1,353,357,0,0,0,0,367,0,0,0,0,352,75,16,329,368,17,364,143,0,0,13,0,424,0,0,0,0,379,
16,264,312,116,17,0,0,22,0,0,0,19,69,35,0,219,309,6,144,235,63,0,14,0,291,224,0,20,43,500,
22,0,0,0,0,0,0,0,0,0,0,0,0,0,0,0,0,0,0,0,0,0,0,0,0,0,0,0,0,0,
0,0,0,0,0,0,3,0,0,0,0,0,0,0,0,0,4,0,0,0,0,0,0,0,0,0,0,0,0,0,
2,0,97,0,10,0,0,16,0,0,0,0,0,6,0,29,81,0,0,0,4,0,0,0,0,0,0,0,73,0,
27,35,49,0,15,46,30,141,58,0,0,54,46,44,30,10,93,205,62,155,106,148,166,101,93,6,0,0,84,77,
76,262,117,62,92,368,421,2,145,444,366,143,99,24,5,217,28,463,25,233,0,62,1,408,33,440,418,468,0,263,
3,8,451,193,0,4,48,27,0,16,173,0,19,2,102,480,39,96,35,498,7,260,150,38,53,142,26,36,466,50,
297,192,27,161,91,170,40,0,142,44,30,141,109,2,102,147,49,27,0,163,0,0,199,0,188,17,37,39,10,193,
0,0,0,0,0,0,0,0,0,0,0,0,0,0,0,0,3,0,0,0,0,0,0,0,0,0,0,0,0,0,
0,96,0,0,0,0,0,4,0,0,0,0,0,5,0,51,2,0,0,67,0,0,0,0,126,0,0,0,10,97,
6,89,131,61,90,59,38,0,81,0,30,3,100,15,51,114,120,213,116,129,68,156,174,109,187,65,0,89,89,131,
717,179,0,11,90,169,59,132,79,62,30,115,3,12,102,145,30,36,63,150,127,0,44,0,0,28,56,58,3,180,
657,90,43,28,35,0,31,111,0,0,0,12,17,0,21,124,47,40,122,61,8,0,1,0,4,33,0,56,18,91,
27,523,145,53,33,115,0,175,0,4,3,16,11,24,0,478,141,8,178,494,7,0,65,123,187,46,0,67,193,200,
417,204,92,61,90,53,170,0,37,19,30,103,2,0,101,159,18,28,15,175,91,0,29,59,17,22,41,64,74,205,
717,0,0,0,0,0,0,0,0,0,0,0,8,0,0,0,0,0,0,0,0,0,0,0,0,0,0,0,0,0,
657,61,1,0,0,0,0,0,0,0,0,5,2,0,0,16,33,0,0,27,0,0,0,0,0,0,0,0,0,62,
687,162,6,203,58,164,130,256,139,118,94,138,8,69,0,12,251,99,8,133,2,0,11,67,17,92,124,146,9,163,
599,95,77,218,0,36,30,0,200,0,67,249,88,49,0,245,68,204,5,260,201,148,166,101,0,51,0,72,210,289,
79,134,104,85,0,0,42,2,53,0,0,9,131,27,27,366,463,7,459,381,68,33,178,13,24,14,0,0,468,410,
614,14,55,25,0,0,68,22,0,102,32,9,1,2,0,35,319,35,308,198,95,0,6,0,40,134,62,155,314,321,
614,6,7,14,0,69,215,22,0,219,143,8,62,34,0,35,159,186,16,0,0,0,6,109,36,225,212,246,0,0,
0,0,0,0,0,0,0,0,0,0,0,0,0,0,0,211,253,0,0,226,0,0,0,5,289,0,0,0,0,255,
0,0,0,0,0,0,0,0,0,0,0,0,2,0,0,0,0,0,0,25,0,0,0,0,0,0,0,0,0,0,
9,50,22,14,10,40,54,0,0,58,0,0,67,3,101,15,18,26,77,30,71,183,201,98,214,64,51,85,62,59,
0,49,0,0,0,0,185,0,0,173,149,7,46,4,17,38,122,152,33,53,0,0,6,0,26,147,179,175,57,82,
2,282,20,0,10,53,8,0,0,3,0,7,16,6,8,184,46,16,63,199,109,0,6,7,3,7,0,5,62,228,
31,27,306,11,14,81,147,0,55,19,7,17,80,455,101,281,34,124,459,295,202,0,21,0,307,78,41,99,247,324,
222,291,339,0,0,6,0,65,263,0,0,5,22,33,0,248,90,33,36,263,109,0,0,69,209,15,0,36,10,210,
0,0,0,0,0,0,0,0,0,0,0,0,0,2,0,0,8,0,0,0,0,0,0,0,0,0,0,0,0,0,
0,0,2,0,0,0,0,0,0,0,0,0,5,3,0,0,57,0,0,25,0,0,0,0,0,0,0,0,0,0,
2,279,327,0,0,25,0,0,59,0,0,39,37,13,32,236,264,28,253,251,218,0,52,223,13,0,0,9,259,128,
0,254,302,0,10,1,30,233,0,44,0,14,10,3,11,211,299,27,127,226,97,146,164,99,281,8,0,40,107,52,
195,602,70,130,88,58,6,72,138,0,28,100,83,610,9,560,133,60,122,574,63,0,29,0,72,7,0,35,128,146,
5,28,89,26,0,98,48,112,59,85,0,0,183,8,19,300,122,4,111,84,109,164,29,117,137,7,0,95,117,111,
2,452,550,32,0,121,594,138,0,112,0,19,20,32,101,417,171,90,160,257,516,0,10,0,196,118,106,164,166,286,
0,0,0,0,0,0,0,0,0,0,0,0,0,5,0,31,73,0,0,46,0,0,0,0,114,0,0,0,0,75,
0,0,0,0,0,62,0,0,0,0,0,0,1,6,3,0,19,3,0,25,0,0,3,69,0,0,0,0,3,0,
10,243,291,82,0,48,34,72,0,99,0,65,286,280,72,201,180,43,170,215,123,161,179,114,28,5,10,5,176,0,
9,0,20,0,56,5,99,2,61,80,0,0,112,2,19,96,254,10,244,0,109,0,57,0,128,7,9,35,250,0,
6,327,102,0,28,139,211,478,0,214,331,0,23,65,281,491,565,191,555,402,171,0,4,68,470,188,208,210,561,431,
29,90,137,127,8,16,36,0,104,0,0,159,25,8,8,48,67,23,159,62,3,0,8,25,128,32,0,53,0,0,
677,111,2,109,0,10,136,5,0,20,160,0,0,14,109,543,232,37,223,558,109,0,4,80,626,15,44,36,228,587,
704,0,0,0,0,0,0,0,0,0,0,0,0,0,0,0,3,0,0,0,0,0,0,0,0,0,0,0,3,0,
478,0,29,0,0,0,0,0,0,0,0,26,1,0,0,0,27,0,16,26,0,0,0,0,0,0,0,0,27,0,
538,0,0,0,7,97,83,230,61,49,0,0,39,200,67,242,232,19,223,160,5,199,44,152,16,31,93,39,228,183,
508,102,149,0,0,201,245,32,0,248,0,6,186,32,74,60,146,234,35,74,19,0,0,218,129,226,242,244,10,0,
778,735,782,132,10,55,81,249,0,5,159,33,37,2,108,693,779,86,75,707,19,0,0,70,762,153,43,89,16,74,
686,523,545,0,21,0,147,323,0,151,0,56,41,38,33,454,531,115,0,473,515,0,3,70,465,9,144,11,525,278,
642,0,80,0,7,3,14,36,0,0,0,0,4,6,7,25,378,44,15,40,0,0,2,0,77,14,0,35,135,69,
670,0,0,0,7,0,0,0,0,0,0,0,0,0,0,117,159,0,0,132,0,0,0,0,204,0,0,0,0,161,
642,0,0,0,7,0,0,0,0,0,0,0,0,0,0,0,2,0,0,25,0,0,0,0,0,0,0,0,0,0,
670,291,338,26,0,200,282,0,60,55,0,164,364,2,143,249,335,470,218,263,186,394,412,349,318,199,79,203,223,886,
642,0,276,12,0,17,9,0,0,66,0,46,2,49,87,187,262,95,278,202,246,0,0,0,288,131,59,152,256,231,
670,0,74,0,28,128,82,0,0,86,0,78,75,159,108,25,111,51,2,39,9,0,14,13,101,126,79,148,23,0,
76,72,167,59,0,12,133,202,0,19,0,81,70,68,108,214,243,36,9,132,14,0,107,0,204,67,43,104,239,0,
388,244,80,259,288,17,115,50,338,118,229,337,0,0,0,10,66,96,6,14,50,0,18,0,14,94,112,114,60,0,
642,0,0,0,0,0,0,0,0,0,0,0,0,0,0,0,0,0,0,0,0,0,0,0,0,0,0,0,0,0,
674,32,0,27,0,0,0,12,0,0,0,0,0,0,0,3,5,0,0,25,0,0,0,0,0,0,0,0,0,0,
58,78,11,77,0,21,74,24,127,76,0,0,159,191,0,8,29,68,82,30,0,190,28,143,84,121,69,4,13,0,
379,87,134,47,282,294,236,0,329,239,4,328,10,412,109,45,45,216,109,59,20,411,17,369,114,245,233,231,3,0,
687,3,96,6,51,115,81,39,37,98,0,161,157,184,20,140,92,61,21,92,0,2,18,31,0,90,78,15,0,0,
380,234,281,255,283,242,199,83,330,202,0,32,25,101,291,192,278,179,10,206,1,357,71,147,261,252,196,273,75,87,
688,91,138,5,28,19,69,0,0,73,0,81,61,3,5,49,135,37,18,63,3,441,42,3,118,34,66,99,23,161,
717,0,0,0,0,0,0,30,0,0,0,0,0,0,0,0,3,0,0,25,0,0,0,0,0,0,0,0,0,0,
687,0,44,0,0,0,0,0,0,0,0,0,0,0,0,0,27,0,0,30,0,0,0,0,0,0,0,0,0,0,
717,0,0,0,0,16,524,2,61,527,105,73,552,45,402,127,236,504,227,142,10,584,602,537,214,533,521,555,232,171,
575,65,42,63,479,8,48,131,110,101,0,525,62,28,55,0,28,94,17,0,72,0,14,18,0,74,28,99,6,0,
217,10,115,180,66,124,8,141,168,96,0,121,12,13,110,180,220,74,217,50,0,0,28,0,234,112,90,134,0,79,
718,137,248,110,0,22,10,158,0,0,0,7,145,10,6,132,294,5,61,39,24,10,28,13,299,3,0,0,0,68,
717,45,278,36,80,314,91,0,9,94,0,63,387,50,111,78,264,71,322,32,248,0,20,27,170,134,88,167,258,127,
687,0,0,0,0,0,21,0,0,0,0,25,0,2,0,0,3,0,0,0,0,0,0,88,0,0,0,0,0,0,
717,0,0,0,0,8,0,0,0,0,0,0,1,0,0,0,24,0,0,25,0,0,0,0,0,0,0,0,0,0,
158,104,229,113,165,27,171,455,9,175,0,219,3,26,12,34,234,139,42,30,55,374,390,327,7,136,168,170,28,0,
147,104,133,0,216,222,169,114,61,172,0,97,43,9,6,44,354,199,53,58,80,0,61,169,365,212,166,233,350,71,
522,135,182,430,127,9,49,0,12,29,0,178,14,2,9,93,179,5,161,107,26,0,14,8,162,0,0,5,9,0,
381,243,70,257,285,360,131,15,332,31,0,133,135,124,108,0,18,36,20,0,21,0,0,0,3,17,43,66,178,0,
382,248,32,262,288,359,216,181,334,10,0,370,3,63,9,0,69,234,55,0,2,0,61,0,134,11,0,32,118,0,
0,0,0,0,0,0,0,0,0,0,0,0,2,1,0,0,0,0,0,0,0,0,0,0,0,0,0,0,0,0,
0,0,0,0,6,0,262,0,37,0,0,0,4,56,0,0,82,19,0,25,0,376,159,329,0,235,0,0,0,0,
0,259,204,417,131,36,132,63,0,18,0,187,3,172,109,217,166,36,21,231,0,262,332,100,329,16,43,66,69,0,
0,79,145,0,46,103,75,3,69,78,0,18,50,56,0,0,6,55,48,159,17,0,14,0,55,84,72,7,118,0,
0,0,31,567,0,16,6,107,96,0,0,17,19,20,5,21,35,149,113,159,2,351,407,224,135,16,0,37,10,65,
0,84,190,0,28,153,164,111,9,167,0,35,9,227,0,102,357,132,349,116,130,0,63,140,171,141,161,194,353,104,
372,6,146,253,279,8,399,0,9,0,0,409,2,2,691,25,96,27,40,26,150,18,63,12,118,469,0,490,73,0,
0,0,0,0,0,0,0,0,0,0,0,0,3,0,0,0,3,0,0,0,0,0,0,0,0,0,0,0,0,0,
0,0,0,0,6,0,0,0,0,0,0,59,3,2,0,0,0,0,0,0,0,0,0,0,0,0,0,0,0,0,
492,359,140,373,399,8,42,196,444,17,0,86,6,106,10,42,261,29,154,57,0,157,150,76,122,16,0,37,158,86,
22,243,219,157,13,13,144,76,0,19,169,111,30,2,99,132,18,35,92,145,71,281,356,50,272,16,41,64,106,509,
570,69,110,67,487,192,217,58,522,106,242,37,25,3,193,6,32,122,21,8,13,2,48,0,80,57,129,152,88,0,
242,237,255,240,0,60,82,187,0,86,0,16,150,5,0,232,51,50,316,16,270,0,16,45,7,59,79,79,217,0,
0,139,272,211,50,127,136,118,0,140,0,55,123,2,159,21,141,105,6,279,156,145,16,6,178,102,133,135,132,65,
0,0,0,0,0,0,0,0,0,0,0,8,0,0,0,0,0,0,0,0,0,0,0,0,0,0,0,0,0,0,
0,0,0,0,28,1,0,0,0,0,0,7,0,0,0,0,2,0,7,0,0,0,0,0,0,0,0,0,0,0,
0,36,37,13,301,12,180,291,0,183,140,30,28,4,104,14,130,160,54,11,165,378,63,331,44,197,177,217,34,225,
0,61,133,49,30,4,0,195,0,0,0,293,4,61,0,80,122,0,35,95,16,0,63,136,175,13,0,32,76,124,
212,5,6,92,119,163,320,3,164,208,345,115,103,2,296,3,125,224,37,45,115,193,80,0,39,204,231,255,76,95,
367,233,58,247,274,344,199,5,319,213,0,318,13,3,183,12,236,219,206,18,194,177,63,6,34,217,207,236,222,0,
5,43,3,52,78,148,138,0,120,91,0,65,62,46,0,15,68,158,722,18,34,0,705,53,93,184,0,201,76,0,
0,0,0,0,0,0,0,0,0,0,0,0,0,3,0,0,12,0,11,0,0,0,0,0,0,0,0,0,0,0,
0,0,0,0,0,0,0,0,0,0,0,0,4,25,0,0,2,0,0,0,0,0,0,0,0,0,0,0,0,0,
0,0,0,0,8,0,0,0,0,0,0,0,4,5,0,0,0,0,0,0,0,0,0,0,2,0,0,0,0,0,
56,51,19,54,0,17,135,328,0,80,0,133,11,4,3,134,176,38,193,149,130,0,176,2,221,35,57,59,357,178,
6,0,43,513,25,36,162,90,0,165,18,3,4,33,0,31,21,139,53,0,48,712,62,55,0,136,159,161,52,0,
0,102,153,100,0,10,139,58,0,0,0,143,1,13,0,145,104,36,41,157,151,0,143,36,231,42,0,57,87,186,
278,273,243,276,32,103,242,0,0,246,106,92,80,12,0,232,245,254,8,135,205,0,77,0,270,229,239,230,194,132,
0,0,0,0,0,0,0,0,0,0,0,0,4,5,0,0,0,0,0,0,0,310,370,0,0,0,0,0,0,0,
0,0,0,0,0,0,0,0,0,0,0,0,4,5,0,0,2,0,0,6,29,0,0,0,5,0,0,0,0,0,
2,3,53,0,0,181,186,55,229,189,0,4,111,5,0,2,171,163,4,0,103,143,214,7,60,171,183,187,86,0,
401,270,36,284,311,378,236,0,353,292,0,352,3,12,0,23,393,256,372,66,2,346,62,478,58,254,285,283,376,0,
0,0,255,0,0,2,52,117,0,0,106,123,111,2,0,7,257,19,292,126,260,0,17,36,288,6,0,24,382,89,
3,0,179,0,4,12,85,94,0,88,106,3,2,4,0,25,288,62,8,24,241,0,62,357,164,59,82,84,123,0,
17,11,77,2,0,327,138,74,2,23,106,50,38,11,113,188,85,19,32,86,103,0,35,333,84,297,47,0,36,0,
0,0,0,0,0,0,0,0,0,0,0,0,0,0,0,0,0,0,0,0,0,0,0,0,0,0,0,0,0,0,
0,0,40,0,0,0,143,0,0,0,0,0,0,0,0,0,14,0,13,0,0,0,0,0,0,0,0,0,0,0,
233,226,276,230,0,22,145,117,64,0,0,17,320,6,0,263,205,401,52,52,243,344,49,73,64,7,0,22,79,0,
199,192,110,196,77,27,143,60,116,0,5,70,38,94,0,247,88,25,69,32,82,0,0,7,104,0,0,0,72,61,
91,159,205,88,0,3,22,6,0,0,0,2,114,17,0,105,6,0,9,104,13,0,0,7,186,0,0,0,76,0,
42,92,40,40,0,0,664,0,0,110,0,5,93,40,534,51,98,199,98,64,0,0,0,0,119,0,0,0,81,0,
6,17,0,16,99,163,0,4,0,0,0,79,3,20,0,0,82,0,81,15,0,0,0,164,0,0,0,0,81,0,
7,0,0,0,0,0,0,0,0,0,0,0,0,0,0,0,0,0,0,0,0,0,0,0,39,0,0,0,0,0,
0,0,0,0,0,0,0,0,0,0,0,2,0,0,0,0,3,0,5,0,0,0,0,0,0,0,0,0,0,0,
65,58,82,62,2,101,0,4,0,0,0,9,17,2,0,67,81,13,77,82,197,0,61,102,76,0,0,0,81,111,
260,255,135,258,0,0,0,45,32,0,0,50,88,88,6,162,135,0,29,177,0,3,0,0,250,0,0,0,0,206,
536,528,78,533,2,0,10,227,0,0,0,287,103,65,0,231,251,4,254,232,16,0,61,7,106,0,0,0,35,63,
22,128,127,126,32,61,0,141,0,0,0,43,152,200,0,186,151,0,16,201,161,0,60,13,16,6,0,0,81,0,
5,0,636,0,0,0,0,0,0,0,0,651,43,386,0,761,803,14,843,776,607,0,60,0,848,0,0,0,757,805,
0,0,3,0,0,0,0,0,0,0,0,0,0,0,0,15,10,0,0,0,0,0,0,0,0,0,0,0,0,0,
0,15,0,0,0,0,0,7,0,0,0,0,0,1,0,0,5,0,0,0,30,0,0,0,0,0,0,0,0,0,
3,90,24,5,52,0,3,0,0,0,37,122,109,166,10,8,162,13,74,125,142,0,60,0,117,0,0,0,81,0,
93,73,19,74,106,0,51,125,52,0,0,131,0,3,0,0,12,0,25,0,0,0,0,0,0,0,0,0,83,0,
66,147,193,21,190,147,7,0,123,0,0,13,4,54,8,106,7,7,207,119,92,0,155,0,174,0,0,0,81,0,
6,71,116,31,0,144,7,6,46,0,0,4,0,25,0,30,64,1,29,43,37,0,0,145,20,0,0,0,0,0,
32,24,53,29,32,0,0,0,3,0,0,28,0,5,21,16,87,0,85,0,102,0,0,0,0,0,0,0,149,0,
0,0,0,0,0,0,0,0,0,0,0,0,0,0,0,0,89,0,0,0,0,0,0,0,0,0,0,0,0,0,
8,0,0,0,0,0,0,9,0,0,0,0,0,0,0,0,13,0,6,0,0,0,0,0,0,0,0,0,0,0,
114,106,141,111,0,49,33,50,0,0,0,12,0,130,16,0,82,0,62,0,0,0,60,86,0,0,0,0,0,0,
66,41,94,54,106,129,7,166,123,0,0,110,0,18,0,93,96,27,126,0,0,0,0,191,0,0,0,0,81,0,
0,0,0,0,0,0,0,0,0,0,0,0,0,11,0,0,19,0,53,0,0,0,0,0,0,0,0,0,0,0,
187,10,159,184,3,3,20,4,0,0,0,18,0,17,0,3,95,0,115,63,66,0,59,0,135,0,0,0,79,92,
0,22,57,20,4,1,0,86,0,0,0,59,47,18,0,74,109,0,129,89,71,0,0,0,161,0,0,0,9,118,
0,0,0,0,0,0,0,0,0,0,0,0,0,0,0,0,68,0,0,81,0,0,0,0,0,0,0,0,0,0,
0,0,0,0,0,0,0,9,0,0,0,0,0,2,0,0,124,0,12,0,29,0,0,0,0,0,0,0,0,0,
99,91,0,96,4,61,6,0,0,0,0,4,0,304,0,189,257,0,254,204,0,88,102,36,276,0,0,0,82,233,
66,41,184,54,80,12,335,143,41,218,359,178,0,106,309,9,173,235,163,0,0,0,173,3,212,0,242,0,82,0,
46,3,165,9,177,0,0,129,16,1,0,197,3,8,0,33,166,0,184,0,105,0,59,0,180,0,0,0,87,0,
104,76,56,74,0,182,79,6,12,34,0,79,0,51,0,67,127,41,111,17,0,0,0,8,20,0,43,0,71,0,
65,41,267,53,79,145,7,47,274,0,0,410,40,327,0,359,344,27,343,73,237,0,0,5,56,0,0,0,232,0,
0,0,0,0,0,0,0,0,0,0,0,0,0,0,0,0,0,0,0,0,0,0,0,0,0,0,0,0,0,0,
0,0,0,0,0,51,0,0,18,0,0,20,0,0,0,0,2,0,0,0,0,0,0,0,0,0,0,0,0,0,
0,10,0,13,7,0,30,126,0,0,0,207,107,140,0,211,202,206,3,210,3,139,157,96,0,0,0,0,27,0,
64,41,0,53,66,70,7,136,118,0,0,83,5,68,0,45,69,27,51,0,1,0,59,71,0,0,0,0,83,0,
64,41,2,53,76,210,7,4,118,0,0,41,41,203,0,33,52,27,4,0,0,0,58,59,5,0,0,0,44,0,
29,0,245,23,9,0,0,223,4,0,0,9,4,4,0,105,564,0,593,0,191,0,0,17,0,0,0,0,595,0,
0,164,286,162,125,0,5,101,0,0,50,6,0,112,0,0,108,5,230,0,107,0,58,0,16,0,0,0,262,0,
0,0,0,0,0,0,0,17,0,0,0,0,0,40,0,0,57,0,0,0,0,0,0,0,0,0,0,0,0,0,
0,160,204,0,0,0,0,2,0,0,0,4,0,229,0,119,201,0,0,132,0,0,0,0,185,0,0,0,0,0,
9,0,0,0,39,3,0,147,0,0,107,46,55,22,98,24,11,0,0,25,2,0,58,9,0,0,0,0,0,0,
66,43,304,55,78,143,9,329,119,0,0,324,14,316,0,11,8,29,148,99,26,0,0,5,89,0,0,0,309,0,
161,158,130,156,37,78,0,15,0,0,0,42,281,190,2,184,11,0,32,183,0,0,0,79,0,0,0,0,99,0,
7,0,92,27,5,0,5,100,0,0,0,13,123,99,0,103,8,0,112,363,0,0,0,0,0,0,0,0,115,0,
64,41,551,53,76,141,7,8,117,2,0,8,15,2,0,15,137,27,43,25,558,3,57,16,0,0,0,0,523,0,
0,0,0,0,0,0,0,0,0,0,0,32,0,0,0,0,0,0,46,43,0,0,0,0,0,0,0,0,0,0,
0,0,0,0,0,0,0,0,0,0,0,0,3,0,0,0,2,0,4,0,0,0,0,5,0,0,0,0,0,0,
301,287,319,298,109,173,16,341,315,0,0,324,189,73,0,248,320,6,114,261,5,0,57,5,231,0,0,0,252,0,
0,0,9,0,0,20,0,25,0,0,0,3,25,23,0,11,26,0,114,138,160,0,57,5,0,0,0,0,57,0,
97,26,50,45,109,43,16,49,149,0,0,40,39,41,0,49,35,60,0,0,26,0,0,44,15,0,0,0,2,0,
16,74,53,86,109,42,174,34,149,0,0,6,0,16,0,6,33,60,0,0,103,0,0,79,0,0,0,0,0,0,
8,0,45,0,32,0,0,4,0,0,0,4,54,5,0,3,29,0,0,25,14,0,0,4,0,0,0,0,0,0,
0,0,0,0,0,0,0,0,0,0,0,0,0,0,0,0,0,0,0,0,0,0,0,0,3,0,0,0,0,0,
0,0,0,0,0,0,0,105,65,0,0,0,0,1,0,0,0,0,0,0,0,0,0,0,0,0,0,0,0,0,
27,10,0,21,35,15,5,76,11,0,0,36,22,43,0,19,102,0,0,0,29,0,0,3,0,0,0,0,0,0,
0,0,22,0,0,0,19,2,0,0,19,0,12,2,91,23,10,16,0,0,31,0,0,0,21,0,0,0,0,0,
15,7,62,12,24,55,0,80,0,0,41,20,0,0,0,10,68,0,0,22,0,50,0,0,0,0,0,0,0,0,
0,3,28,20,3,0,4,88,2,0,0,100,8,8,0,0,85,0,114,111,17,0,0,0,0,0,0,0,0,0,
0,11,7,13,3,0,0,23,2,0,0,80,152,3,0,130,14,0,0,123,24,0,57,0,0,0,0,0,0,0,
0,0,6,0,0,0,0,0,0,0,0,0,0,0,0,0,0,0,0,0,0,0,0,0,0,0,0,0,0,0,
0,0,34,0,0,0,0,126,0,0,0,0,0,4,0,0,131,0,0,0,138,0,0,0,74,0,0,0,0,0,
28,36,14,35,3,55,0,83,0,0,36,8,38,3,0,3,60,0,0,0,0,0,247,0,0,0,0,0,0,0,
69,3,164,37,290,123,14,154,330,5,0,365,6,2,0,5,8,241,0,0,126,0,0,106,0,0,0,0,0,0,
0,28,124,0,12,44,34,79,0,0,0,27,105,2,0,97,45,0,0,65,80,0,0,85,0,0,0,0,0,0,
20,38,32,6,5,0,25,2,42,0,0,15,13,68,0,5,14,0,29,26,1,0,0,0,2,0,0,0,0,0,
0,0,131,43,0,0,5,48,0,0,0,15,2,37,0,0,120,0,0,0,137,0,0,0,4,0,0,0,0,0,
3,0,0,0,0,3,0,7,0,0,0,0,0,0,0,0,0,0,0,0,0,0,0,0,15,0,0,0,0,0,
0,0,0,0,0,0,0,10,0,0,0,0,0,0,0,0,9,0,0,0,0,0,0,0,1,0,0,0,0,0,
2,72,72,84,100,171,38,3,147,0,0,108,82,54,0,23,59,2,0,97,1,0,81,4,0,0,0,0,0,0,
4,10,71,13,3,0,0,80,0,0,0,10,48,53,0,7,58,0,2,0,6,149,356,0,0,0,0,0,0,0,
18,0,8,0,19,45,70,19,0,0,0,50,20,2,0,5,20,0,0,0,28,0,0,0,0,0,0,0,0,0,
93,4,82,12,104,166,38,123,1385,0,0,1384,2,1821,0,7,113,57,0,0,42,1098,1302,0,0,0,0,0,0,0,
37,15,172,0,0,0,0,46,187,0,0,199,15,2,0,7,173,0,0,68,128,11,142,2,7,0,0,0,0,0,
0,0,0,0,0,0,0,0,0,0,0,0,0,50,0,0,75,0,0,0,0,0,0,0,0,0,0,0,0,0,
0,0,0,0,0,0,0,6,0,0,0,0,0,0,0,0,30,0,0,0,0,0,0,0,22,0,0,0,0,0,
9,24,122,14,63,162,5,47,139,2,0,124,11,24,0,23,21,56,0,0,84,0,142,4,5,0,0,0,0,0,
25,0,9,0,0,0,0,181,0,0,0,58,72,120,22,124,105,0,0,72,12,0,57,0,0,0,0,0,0,0,
0,44,27,33,0,0,25,50,0,0,5,0,13,57,0,29,51,0,0,65,0,148,57,0,0,0,0,0,0,0,
36,0,539,14,0,8,123,35,44,55,36,43,390,2,0,76,528,62,0,0,543,0,0,12,0,0,64,0,0,0,
0,20,12,22,57,3,28,20,39,0,0,62,12,5,0,5,20,56,0,77,137,0,0,0,19,0,0,0,0,0,
5,0,0,0,0,0,0,0,0,0,0,0,0,0,0,0,0,0,0,0,0,0,0,0,0,0,0,0,0,0,
0,0,0,0,0,0,0,20,0,0,0,0,0,18,0,23,2,0,0,0,0,0,0,0,0,0,0,0,0,0,
0,0,0,0,0,0,0,86,0,0,0,0,0,2,0,23,2,0,0,0,0,0,0,0,8,0,0,0,0,0,
0,0,64,0,0,0,5,75,0,0,0,139,37,60,0,54,66,0,0,49,0,14,253,5,0,0,0,0,0,0,
16,8,109,13,287,336,212,122,4,0,0,87,10,9,2,5,122,231,0,0,6,48,15,5,8,0,0,0,0,0,
23,23,0,21,16,9,0,23,46,0,0,89,19,14,0,219,50,0,0,73,13,0,0,5,0,0,0,0,0,0,
0,11,16,10,19,0,73,80,0,27,0,91,127,62,0,66,106,0,0,117,143,11,0,4,21,0,36,0,0,0,
0,0,0,0,0,0,0,4,0,0,0,0,0,0,0,0,5,0,0,0,0,0,0,0,0,0,0,0,0,0,
0,0,0,0,0,0,0,2,0,0,0,0,0,0,0,0,3,0,0,0,0,0,0,0,0,0,0,0,0,0,
15,4,212,7,6,38,77,277,249,0,0,59,124,140,0,23,274,179,0,0,136,139,15,115,54,0,0,0,0,0,
0,69,0,81,21,161,63,26,138,0,0,137,136,2,0,0,22,56,0,0,23,0,0,3,0,0,0,0,0,0,
6,6,263,9,50,310,0,171,5,0,0,14,48,18,0,274,167,0,0,0,150,0,0,2,0,0,0,0,0,0,
7,71,37,0,161,20,88,89,49,0,0,15,153,100,18,46,11,0,0,92,17,0,17,21,0,0,0,0,0,0,
22,53,25,40,91,3,12,26,0,0,0,14,19,27,6,32,15,0,0,191,85,0,88,0,0,0,0,0,0,0,
0,157,0,0,0,0,0,2,0,0,0,0,0,14,0,143,7,0,0,63,0,0,0,0,12,0,0,0,0,0,
0,0,0,0,0,0,0,0,0,0,0,0,0,0,0,0,0,0,0,0,0,0,0,0,0,0,0,0,0,0,
53,182,150,0,171,0,88,24,0,12,0,55,46,175,0,30,28,18,0,0,11,78,276,55,30,0,21,0,0,0,
23,4,94,7,0,70,33,102,47,0,0,55,69,54,0,24,115,17,0,0,15,0,0,71,0,0,0,0,0,0,
25,39,0,48,1,97,78,86,36,0,0,12,48,37,4,90,85,0,0,73,104,0,68,98,7,0,0,0,0,0,
225,217,244,222,150,29,0,392,397,0,0,328,242,248,0,224,335,0,0,166,321,0,0,0,0,0,0,0,0,0,
97,89,116,94,18,0,0,12,32,0,0,3,19,8,0,10,4,8,0,0,1,0,68,0,7,0,0,0,0,0,
0,0,0,0,0,0,0,0,0,0,0,0,0,0,0,0,0,0,0,0,0,0,0,0,0,0,0,0,0,0,
0,0,0,0,5,3,0,0,0,0,0,0,0,0,0,0,0,0,0,0,0,0,0,0,0,0,0,0,0,0,
6,58,96,57,21,97,0,127,0,0,19,29,921,25,413,3,151,0,0,0,92,851,907,0,0,0,0,0,136,0,
2,4,191,20,101,11,24,183,138,170,0,11,22,5,26,17,182,118,0,0,322,51,0,55,0,0,179,0,0,0,
43,33,15,39,68,32,140,121,171,22,163,127,23,4,113,128,117,37,0,0,135,51,64,5,0,0,45,0,0,0,
52,148,23,12,210,4,62,19,53,51,0,117,124,142,8,16,31,0,0,0,25,0,64,0,0,0,25,0,0,0,
0,359,22,516,275,846,271,92,4,28,0,15,33,61,711,275,88,1200,0,915,106,0,0,0,0,0,0,0,0,0,
0,0,0,0,0,0,0,13,0,0,0,0,0,0,0,0,13,0,0,0,0,0,0,0,0,0,0,0,0,0,
0,0,0,0,4,0,0,15,0,0,0,0,1,5,0,0,3,0,0,104,0,0,0,0,0,0,15,0,0,0,
37,5,4,23,68,20,20,82,4,0,0,6,44,29,9,13,9,118,0,0,76,78,107,58,0,0,0,0,0,0,
53,43,75,49,13,53,75,81,29,62,0,75,40,461,3,404,81,103,2,329,76,152,22,0,0,0,66,0,230,0,
22,26,231,18,0,63,0,20,29,60,0,241,44,99,40,50,19,91,0,0,18,0,0,0,0,0,0,0,0,0,
284,3,30,6,696,18,88,185,60,75,0,6,10,11,698,275,181,0,0,0,199,0,168,0,0,0,79,0,0,0,
596,63,161,4,640,21,90,93,0,77,0,661,0,5,698,455,89,0,0,0,107,0,0,11,0,0,81,0,0,0,
622,0,0,0,0,9,0,0,0,0,0,9,0,0,0,0,0,0,0,0,0,0,0,0,0,0,0,0,0,0,
622,0,0,0,0,0,0,31,0,0,0,0,1,6,0,0,10,0,0,0,0,0,0,0,0,0,0,0,0,0,
622,31,93,44,76,106,7,91,0,0,0,28,66,44,13,14,90,4,0,111,5,78,85,55,0,0,0,0,0,0,
622,10,23,0,691,7,34,11,0,555,0,9,28,29,21,275,11,0,0,0,12,0,0,110,0,0,0,0,0,0,
622,91,119,16,0,161,172,2,0,159,0,3,100,55,0,6,129,2,0,26,130,0,63,94,0,0,163,0,0,0,
667,245,27,257,277,110,168,42,403,155,167,402,12,12,34,11,40,37,0,0,35,0,0,8,0,0,159,0,0,0,
646,18,54,26,103,129,170,157,207,49,194,111,68,4,699,62,138,64,0,0,232,0,0,0,0,0,72,0,0,0,
622,0,0,0,0,7,0,0,0,0,0,5,2,18,0,0,0,0,0,0,0,0,0,0,0,0,0,0,0,0,
622,0,0,0,0,0,0,0,0,0,0,0,0,2,2,0,0,0,0,0,0,0,0,0,0,0,0,0,0,0,
622,41,52,4,38,52,30,27,85,22,130,19,23,23,47,31,52,164,0,0,8,126,72,103,0,0,45,0,0,0,
596,0,126,0,94,34,123,116,0,0,118,17,109,99,10,104,117,4,0,0,129,115,19,52,0,0,0,0,0,0,
731,0,319,0,258,377,79,304,48,67,0,7,18,5,0,5,306,22,0,21,235,0,0,425,0,0,70,0,0,0,
610,13,613,87,449,218,18,648,552,13,0,334,28,2,26,621,693,0,0,508,679,1,77,218,0,0,0,0,0,0,
574,0,58,49,19,9,63,246,80,197,0,11,28,2,23,21,49,4,0,3,237,0,63,6,0,0,200,0,0,0,
574,0,0,0,0,0,0,16,0,0,0,128,4,78,0,0,6,0,0,0,0,0,0,0,0,0,0,0,0,0,
454,0,0,0,0,0,0,0,0,0,0,0,0,7,0,0,10,0,0,0,0,0,0,0,0,0,0,0,0,0,
334,27,21,330,57,86,187,315,62,175,52,17,26,10,30,17,358,141,0,0,307,78,49,51,0,0,178,0,178,0,
574,0,41,0,79,85,161,5,0,255,169,83,28,219,12,29,24,7,0,36,45,1,0,14,0,0,258,0,0,0,
558,5,20,8,97,143,30,62,98,75,0,54,7,9,21,4,23,4,0,0,101,0,7,12,0,0,0,0,0,0,
574,98,81,101,17,81,43,11,56,0,0,47,11,4,0,130,36,10,0,19,43,0,19,68,0,0,0,0,0,0,
598,21,83,14,0,7,208,110,0,198,0,88,26,54,15,27,78,0,0,14,152,8,0,3,0,0,201,0,0,0,
550,0,0,0,0,0,0,2,0,0,0,0,6,6,0,0,2,0,0,0,0,0,0,0,0,0,0,0,0,0,
574,0,0,0,14,0,0,2,0,0,0,16,4,4,0,0,2,0,0,0,0,0,0,0,0,0,0,0,0,0,
125,176,14,178,262,58,38,58,4,0,0,320,8,7,10,13,89,143,0,235,389,78,188,5,0,0,30,0,0,0,
28,8,78,22,8,3,78,25,17,66,0,4,14,11,21,0,48,10,0,0,68,12,22,20,0,0,69,0,0,0,
2,35,32,33,51,30,308,50,0,295,0,9,18,54,64,123,12,38,0,0,142,0,62,0,0,0,299,0,0,0,
24,0,43,0,0,50,102,48,56,89,0,71,4,3,10,6,36,0,0,0,47,0,62,7,0,0,93,0,0,0,
0,293,314,16,29,78,88,361,0,22,169,2,68,69,116,30,310,37,0,0,298,60,165,0,0,0,45,0,0,0,
0,0,0,0,0,0,0,0,0,0,0,0,0,11,0,0,2,0,0,0,0,0,0,0,0,0,0,0,0,0,
0,0,0,0,0,0,0,7,0,0,0,0,0,5,0,0,0,0,0,0,0,0,0,0,0,0,0,0,0,0,
0,178,175,4,737,154,119,55,180,3,0,603,62,8,12,375,12,113,0,0,139,78,103,80,0,0,0,0,0,0,
37,5,11,23,41,100,292,9,169,251,2,168,39,106,10,0,27,71,0,0,2,82,8,5,0,0,259,0,0,0,
54,35,37,38,36,5,127,81,0,88,0,60,7,25,17,7,15,78,0,0,147,0,79,1,0,0,91,0,0,0,
29,42,47,80,23,16,40,66,85,0,0,84,47,179,25,119,61,91,0,115,58,73,62,6,0,0,0,0,0,0,
0,33,445,31,0,0,2,5,0,0,0,629,10,73,10,430,13,0,0,0,376,0,62,0,0,0,0,0,0,0,
0,0,0,0,0,0,0,9,0,0,0,0,0,22,0,0,5,0,0,0,0,0,0,0,0,0,0,0,0,0,
0,0,0,0,0,0,0,0,0,0,0,0,0,4,0,0,0,0,0,0,0,0,0,0,0,0,0,0,0,0,
0,36,31,34,0,162,183,2,30,139,86,29,9,106,150,362,340,0,0,0,382,0,179,253,0,0,147,0,0,0,
5,5,43,7,78,7,266,66,0,254,11,109,7,106,131,64,65,7,0,0,128,0,215,52,0,0,257,0,0,0,
130,137,161,124,272,60,324,48,0,450,486,245,139,114,434,0,36,354,0,0,47,0,0,364,0,0,362,0,0,0,
184,165,198,177,133,20,26,2,85,158,167,2,17,66,115,7,188,35,0,0,202,0,32,0,0,0,161,0,0,0,
0,13,14,0,0,0,36,60,29,21,19,6,9,10,115,47,44,16,0,0,112,0,70,16,0,0,43,0,0,0,
0,0,0,0,0,0,0,9,0,0,0,0,40,10,0,0,5,0,0,0,0,0,0,0,0,0,0,0,0,0,
0,0,419,0,86,0,446,2,0,0,0,319,4,332,394,35,40,0,0,0,0,230,263,0,0,0,0,0,0,0,
50,37,29,191,39,13,42,88,4,4,0,88,146,132,103,33,27,139,0,0,75,78,19,58,0,0,0,0,0,0,
29,98,132,10,151,0,43,37,296,25,0,37,98,50,23,360,63,19,0,0,140,7,50,12,0,0,33,0,0,0,
0,12,58,10,9,50,177,93,165,165,167,164,11,8,35,154,89,2,0,0,107,0,0,8,0,0,168,0,0,0,
0,0,0,0,0,0,0,8,0,0,0,0,11,1,0,0,5,0,0,0,0,0,0,0,0,0,0,0,0,0,
0,0,0,0,0,0,0,16,0,0,0,16,24,3,0,0,4,0,0,0,0,0,0,0,0,0,0,0,0,0,
0,0,19,0,0,0,0,7,0,0,0,19,4,0,0,0,6,0,0,0,0,0,0,0,0,0,0,0,0,0,
15,4,38,10,0,0,0,2,0,0,0,0,0,16,0,0,3,0,0,0,0,0,0,0,0,0,0,0,0,0,
0,32,67,35,0,3,55,41,71,0,0,49,61,80,46,33,27,0,0,0,260,0,41,96,0,0,0,0,0,0,
0,37,54,0,152,39,163,2,0,121,0,14,21,108,38,178,27,46,0,0,220,128,19,43,0,0,152,0,0,0,
28,21,294,22,153,193,2,288,0,0,0,213,9,2,36,233,284,0,0,0,280,0,0,0,0,0,0,0,0,0,
82,41,245,12,6,3,0,120,0,0,0,11,21,23,18,118,195,0,0,0,242,0,25,0,0,0,0,0,0,0,
0,2,216,5,44,21,0,223,0,0,0,6,8,16,56,215,220,0,0,0,221,20,6,20,0,0,0,0,0,0,
0,0,0,0,0,0,0,2,0,0,0,0,0,2,0,0,5,0,0,0,0,0,0,0,0,0,0,0,0,0,
0,0,0,0,0,0,17,21,0,0,0,20,2,10,0,0,18,0,0,0,0,0,0,0,0,0,0,0,0,0,
0,0,102,10,0,1,0,54,0,0,0,0,24,22,30,0,43,9,0,0,105,4,0,0,0,0,0,0,0,0,
0,158,64,14,155,9,4,80,0,0,0,26,18,15,20,75,73,0,0,0,0,0,14,0,0,0,0,0,0,0,
0,3,0,0,44,2,0,2,0,21,167,0,13,40,115,41,47,35,0,0,0,0,0,0,0,0,43,0,0,0,
0,0,14,0,0,27,0,21,0,0,0,0,25,23,23,19,11,0,0,0,0,5,0,0,0,0,0,0,0,0,
0,0,0,0,0,18,2,52,0,0,0,0,4,8,17,15,43,0,0,0,0,0,14,0,0,0,0,0,0,0,
0,0,0,0,0,0,0,0,0,0,0,0,0,5,0,0,0,0,0,0,0,0,0,0,0,0,0,0,0,0,
0,0,0,0,0,0,0,0,0,0,0,0,0,18,0,0,0,0,0,0,0,0,0,0,0,0,0,0,0,0,
0,28,16,0,0,3,47,13,0,0,0,4,6,42,21,26,15,16,0,0,0,0,0,0,0,0,0,0,0,0,
329,5,0,0,0,56,12,42,0,0,0,50,0,40,21,12,36,19,0,0,0,19,0,0,0,0,0,0,0,0,
21,10,44,16,5,104,0,94,5,0,0,0,25,57,0,107,53,0,0,0,0,8,0,0,0,0,0,0,0,0,
96,85,119,91,0,107,56,84,0,0,0,63,5,39,0,63,87,95,0,0,0,3,0,0,0,0,0,0,0,0,
17,23,40,23,0,15,0,16,0,15,101,0,0,4,73,3,0,22,0,0,0,0,0,0,0,0,0,0,0,0,
526,0,0,0,0,0,0,0,0,0,0,0,0,0,0,0,0,0,0,0,0,0,0,0,0,0,0,0,0,0,
525,0,0,0,0,0,0,2,0,0,0,0,2,4,0,0,0,0,0,0,0,0,0,0,0,0,0,0,0,0,
525,0,0,25,0,59,42,54,1,0,0,11,3,32,24,30,19,0,0,0,0,0,0,0,0,0,0,0,0,0,
531,3,0,6,0,12,0,2,21,0,0,8,2,1,0,10,0,10,0,0,0,0,0,0,0,0,0,0,0,0,
525,3,5,7,7,91,23,2,86,0,0,6,3,33,22,10,11,0,0,0,0,15,0,0,0,0,0,0,0,0,
105,94,11,100,7,18,37,11,0,0,0,0,2,13,25,9,11,14,0,0,0,0,0,0,0,0,0,0,0,0,
525,0,11,0,0,15,20,24,0,0,0,0,2,12,0,77,77,0,0,0,0,0,0,0,0,0,0,0,0,0,
525,0,0,0,0,0,0,2,0,0,0,0,14,0,0,0,0,0,0,0,0,0,0,0,0,0,0,0,0,0,
525,0,0,0,0,0,0,0,0,0,0,0,15,0,0,0,0,0,0,0,0,0,0,0,0,0,0,0,0,0,
525,0,0,0,0,14,15,0,0,0,0,0,3,3,0,0,0,0,0,0,0,0,0,0,0,0,0,0,0,0,
525,0,0,0,0,0,0,3,0,0,0,0,3,0,0,0,0,0,0,0,0,0,0,0,0,0,0,0,0,0,
525,13,15,6,15,62,61,15,0,0,0,0,3,28,0,0,8,0,0,0,0,0,0,0,0,0,0,0,0,0,
525,3,0,6,0,7,14,25,0,15,105,1,10,35,75,12,3,23,0,0,0,0,0,0,0,0,0,0,0,0,
525,3,0,6,0,2,13,12,0,0,0,0,27,6,38,0,14,0,0,0,0,0,0,0,0,0,0,0,0,0,
525,0,0,0,0,5,0,3,0,0,0,0,2,0,0,0,3,0,0,0,0,0,0,0,0,0,0,0,0,0,
525,0,0,0,0,13,7,0,0,0,0,0,3,0,0,0,0,0,0,0,0,0,0,0,0,0,0,0,0,0,
33,0,0,0,0,12,15,5,14,0,0,9,2,22,0,19,2,0,0,0,0,0,0,0,0,0,0,0,0,0,
679,0,0,0,7,0,0,6,0,0,0,0,5,0,0,0,0,0,0,0,0,0,0,0,0,0,0,0,0,0,
68,3,0,6,26,11,12,12,21,2,0,7,7,17,69,0,0,18,0,0,0,0,0,0,0,0,0,0,0,0,
397,65,76,68,0,25,250,10,0,0,0,501,319,60,23,8,0,19,0,0,0,458,0,0,0,0,0,0,0,0,
485,217,0,226,240,147,60,261,264,15,104,2,8,5,75,0,0,23,0,0,0,0,0,0,0,0,0,0,0,0,
1559,0,0,2,0,0,11,0,0,0,0,0,0,31,0,0,0,0,0,0,0,0,0,0,0,0,0,0,0,0,
1537,0,0,2,0,0,0,0,0,60,0,0,0,15,0,0,0,0,0,0,0,0,0,0,0,0,0,0,0,0,
463,0,0,12,0,59,6,6,0,0,0,2,67,44,0,0,0,0,0,0,0,0,0,0,0,0,0,0,0,0,
463,3,0,6,39,24,69,6,27,0,0,37,15,59,0,5,0,94,0,0,0,0,0,0,0,0,0,0,0,0,
1541,33,0,73,39,63,138,269,0,0,0,2,3,54,10,0,267,34,0,0,0,0,0,0,0,0,0,0,0,0,
463,3,0,6,0,44,193,54,0,0,0,128,78,191,76,0,85,0,0,0,0,0,0,0,0,0,0,0,0,0,
1453,3,0,6,0,202,76,222,0,0,0,0,7,45,98,0,218,21,0,0,0,0,0,0,0,0,0,0,0,0,
1519,0,0,0,0,0,9,0,0,0,0,0,0,3,1,0,0,0,0,0,0,0,0,0,0,0,0,0,0,0,
1519,0,0,0,0,0,2,0,0,0,0,4,0,11,0,0,0,0,0,0,0,0,0,0,0,0,0,0,0,0,
463,15,0,18,0,51,266,23,0,0,0,3,21,113,0,0,14,22,0,0,0,0,0,0,0,0,0,0,0,0,
397,35,0,38,0,0,58,7,0,0,0,2,18,8,12,8,26,18,0,0,0,0,0,0,0,0,0,0,0,0,
33,16,0,19,0,56,24,23,0,0,0,26,4,29,25,0,20,23,0,0,0,0,0,57,0,0,0,0,0,0,
1109,47,0,18,8,57,46,36,0,217,0,71,2,14,46,0,0,24,0,0,0,0,0,58,0,0,0,0,0,0,
1053,15,0,18,1,57,29,3,0,105,0,16,8,44,11,0,0,103,0,0,0,0,0,58,0,0,0,0,0,0,
1053,0,0,0,0,0,0,0,0,0,0,0,0,0,0,0,0,0,0,0,0,0,0,0,0,0,0,0,0,0,
1053,0,0,0,0,0,0,5,0,10,0,0,0,2,0,0,0,0,0,0,0,0,0,0,0,0,0,0,0,0,
1053,0,0,0,0,0,7,83,0,0,0,0,2,73,0,0,0,0,0,0,0,0,0,0,0,0,0,0,0,0,
143,459,0,476,8,57,302,524,535,83,431,82,5,249,21,94,0,24,0,0,0,0,0,58,0,0,0,0,0,0,
223,62,0,79,186,26,25,123,137,107,0,267,5,2,4,38,0,22,0,0,0,0,0,0,0,0,0,0,0,0,
331,42,76,48,0,0,15,0,0,0,0,7,0,2,0,0,5,57,0,0,0,0,0,51,0,0,0,0,0,0,
421,68,0,71,0,0,55,0,0,0,0,40,5,9,11,0,0,5,0,0,0,0,0,51,0,0,0,0,0,0,
1497,0,0,0,0,0,0,0,0,0,0,0,0,2,0,0,0,0,0,0,0,0,0,0,0,0,0,0,0,0,
1517,0,0,0,0,0,0,0,0,0,0,0,0,40,0,0,0,0,0,0,0,0,0,0,0,0,0,0,0,0,
443,42,76,48,0,0,47,60,0,35,0,125,162,8,0,27,0,19,0,0,0,0,0,0,0,0,0,0,0,0,
420,15,0,18,26,0,52,19,0,0,0,3,24,2,0,0,0,23,0,0,0,5,0,51,0,0,0,0,0,0,
443,44,78,50,0,94,27,25,0,205,0,28,5,3,0,0,9,8,0,0,0,0,0,50,0,0,0,0,0,0,
444,12,0,15,550,90,15,878,537,850,92,884,1114,965,66,1293,0,123,0,0,0,540,1126,150,0,0,0,0,0,0,
507,9,0,12,19,0,101,6,48,23,0,13,17,2,54,0,0,0,0,0,0,0,0,0,0,0,0,0,0,0,
1475,0,0,0,0,40,0,21,0,0,0,0,0,28,0,0,0,0,0,0,0,0,0,0,0,0,0,0,0,0,
1541,0,0,0,0,52,0,27,0,0,0,0,0,26,0,0,0,0,0,0,0,0,0,0,0,0,0,0,0,0,
443,1149,0,1155,1095,12,1053,1082,1378,1315,1266,1102,1043,1153,20,1020,0,0,0,0,0,17,0,0,0,0,0,0,0,0,
419,19,0,22,32,27,3,5,78,109,63,22,77,76,0,0,139,240,0,0,0,37,0,268,0,0,0,0,0,0,
375,45,0,48,225,463,694,727,90,564,671,490,123,13,163,32,0,0,0,0,0,245,0,0,0,0,0,0,0,0,
217,3,0,12,0,0,0,0,0,0,0,0,8,8,0,0,0,0,0,0,0,0,10,0,0,0,0,0,0,0,
0,0,0,0,0,0,0,0,0,0,0,0,0,0,0,0,0,0,0,0,0,0,0,54,0,0,0,0,0,0,
0,0,0,0,0,0,0,0,0,0,0,0,0,0,0,0,0,0,0,0,0,0,0,0,0,0,0,0,0,0,
0,0,0,0,0,0,0,0,0,0,0,0,0,0,0,0,0,0,0,0,0,0,0,0,0,0,0,0,0,0,
0,0,0,0,0,0,0,0,0,0,0,47,8,0,0,7,0,0,0,0,0,0,0,2,0,0,0,0,0,0,
0,0,0,0,0,0,0,0,0,0,0,0,0,0,0,0,0,53,0,0,0,0,0,13,0,0,0,0,0,0,
0,0,0,0,0,0,0,0,0,360,483,498,233,255,273,0,0,0,0,0,0,0,15,0,0,0,0,0,0,0,
29,8,0,4,19,0,0,47,0,0,0,55,0,0,0,0,0,0,0,0,0,0,0,0,0,0,0,0,0,0,
25,4,0,15,19,0,0,47,0,0,0,55,0,0,0,0,0,0,0,0,0,0,45,0,0,0,0,0,0,0,
0,0,0,0,0,0,0,0,0,0,0,0,0,0,0,0,0,0,0,0,0,0,0,0,0,0,0,0,0,0,
0,0,0,0,0,0,0,0,0,0,0,0,0,0,0,0,0,0,0,0,0,0,0,0,0,0,0,0,0,0,
0,0,0,0,0,0,0,0,0,0,0,0,0,0,0,0,0,0,0,0,0,0,0,0,0,0,0,0,0,0,
68,50,0,59,0,0,0,0,0,0,0,0,9,46,0,14,0,0,0,0,0,22,0,0,0,0,0,0,0,0,
0,0,0,0,0,0,0,0,0,0,0,0,0,0,0,0,0,0,0,0,0,0,18,0,0,0,0,0,0,0,
60,45,0,54,32,0,0,0,126,0,0,0,40,52,0,13,0,0,0,0,0,78,0,0,0,0,0,0,0,0,
0,3,0,9,0,0,0,0,0,0,0,0,0,0,0,0,0,0,0,0,0,0,0,0,0,0,0,0,0,0,
0,0,0,0,0,0,0,0,0,0,0,0,0,0,0,0,0,0,0,0,0,0,0,0,0,0,0,0,0,0,
0,0,0,0,0,0,0,0,0,0,0,0,0,0,0,0,0,0,0,0,0,0,0,0,0,0,0,0,0,0,
67,52,0,61,0,0,0,0,0,0,0,0,0,0,0,0,0,0,0,0,0,0,97,0,0,0,0,0,0,0,
0,0,0,0,0,0,0,0,0,0,0,0,0,0,0,0,0,0,0,0,0,0,0,0,0,0,0,0,0,0,
0,0,0,0,0,0,0,0,0,0,0,0,0,0,0,0,0,0,0,0,0,0,21,0,0,0,0,0,0,0,
71,55,0,64,42,0,0,38,9,0,0,14,0,0,0,0,0,0,0,0,0,0,21,0,0,0,0,0,0,0,
